classification	field	definition_file_line	consumer_file_line	runtime_effect_or_winner	recommended_disposition	marker
unwired	SM.Content.Definitions.AffixDefinition.DescriptionKey	Assets/_Game/Scripts/Runtime/Content/Definitions/AffixDefinition.cs:22	-	no runtime consumer; suspected intent: affix effect or text-template compilation	wire in a separately ratified unit or delete after owner ratification; keep marked until then	-
unwired	SM.Content.Definitions.AffixDefinition.Effects	Assets/_Game/Scripts/Runtime/Content/Definitions/AffixDefinition.cs:41	-	no runtime consumer; suspected intent: affix effect or text-template compilation	wire in a separately ratified unit or delete after owner ratification; keep marked until then	-
unwired	SM.Content.Definitions.AffixDefinition.TextTemplateKey	Assets/_Game/Scripts/Runtime/Content/Definitions/AffixDefinition.cs:39	-	no runtime consumer; suspected intent: affix effect or text-template compilation	wire in a separately ratified unit or delete after owner ratification; keep marked until then	-
unwired	SM.Content.Definitions.AugmentDefinition.Effects	Assets/_Game/Scripts/Runtime/Content/Definitions/AugmentDefinition.cs:40	-	no runtime consumer; suspected intent: augment offer eligibility, weighting, roster delta, or effects	wire in a separately ratified unit or delete after owner ratification; keep marked until then	-
unwired	SM.Content.Definitions.AugmentDefinition.EligibleModes	Assets/_Game/Scripts/Runtime/Content/Definitions/AugmentDefinition.cs:37	-	no runtime consumer; suspected intent: augment offer eligibility, weighting, roster delta, or effects	wire in a separately ratified unit or delete after owner ratification; keep marked until then	-
unwired	SM.Content.Definitions.AugmentDefinition.OfferWeight	Assets/_Game/Scripts/Runtime/Content/Definitions/AugmentDefinition.cs:26	-	no runtime consumer; suspected intent: augment offer eligibility, weighting, roster delta, or effects	wire in a separately ratified unit or delete after owner ratification; keep marked until then	-
unwired	SM.Content.Definitions.AugmentDefinition.ProtectionTags	Assets/_Game/Scripts/Runtime/Content/Definitions/AugmentDefinition.cs:33	-	no runtime consumer; suspected intent: augment offer eligibility, weighting, roster delta, or effects	wire in a separately ratified unit or delete after owner ratification; keep marked until then	-
unwired	SM.Content.Definitions.AugmentDefinition.Rarity	Assets/_Game/Scripts/Runtime/Content/Definitions/AugmentDefinition.cs:20	-	no runtime consumer; suspected intent: augment offer eligibility, weighting, roster delta, or effects	wire in a separately ratified unit or delete after owner ratification; keep marked until then	-
unwired	SM.Content.Definitions.AugmentDefinition.RequiresTags	Assets/_Game/Scripts/Runtime/Content/Definitions/AugmentDefinition.cs:35	-	no runtime consumer; suspected intent: augment offer eligibility, weighting, roster delta, or effects	wire in a separately ratified unit or delete after owner ratification; keep marked until then	-
unwired	SM.Content.Definitions.AugmentDefinition.RosterSlotDelta	Assets/_Game/Scripts/Runtime/Content/Definitions/AugmentDefinition.cs:39	-	no runtime consumer; suspected intent: augment offer eligibility, weighting, roster delta, or effects	wire in a separately ratified unit or delete after owner ratification; keep marked until then	-
unwired	SM.Content.Definitions.BossOverlayDefinition.DescriptionKey	Assets/_Game/Scripts/Runtime/Content/Definitions/BossOverlayDefinition.cs:14	-	no runtime consumer; suspected intent: player-facing presentation or localization	wire in a separately ratified unit or delete after owner ratification; keep marked until then	-
unwired	SM.Content.Definitions.ClassDefinition.DescriptionKey	Assets/_Game/Scripts/Runtime/Content/Definitions/ClassDefinition.cs:12	-	no runtime consumer; suspected intent: player-facing presentation or localization	wire in a separately ratified unit or delete after owner ratification; keep marked until then	-
unwired	SM.Content.Definitions.CleanseProfileDefinition.DescriptionKey	Assets/_Game/Scripts/Runtime/Content/Definitions/CleanseProfileDefinition.cs:13	-	no runtime consumer; suspected intent: player-facing presentation or localization	wire in a separately ratified unit or delete after owner ratification; keep marked until then	-
unwired	SM.Content.Definitions.CleanseProfileDefinition.NameKey	Assets/_Game/Scripts/Runtime/Content/Definitions/CleanseProfileDefinition.cs:12	-	no runtime consumer; suspected intent: player-facing presentation or localization	wire in a separately ratified unit or delete after owner ratification; keep marked until then	-
unwired	SM.Content.Definitions.ControlDiminishingRuleDefinition.DescriptionKey	Assets/_Game/Scripts/Runtime/Content/Definitions/ControlDiminishingRuleDefinition.cs:13	-	no runtime consumer; suspected intent: player-facing presentation or localization	wire in a separately ratified unit or delete after owner ratification; keep marked until then	-
unwired	SM.Content.Definitions.ControlDiminishingRuleDefinition.NameKey	Assets/_Game/Scripts/Runtime/Content/Definitions/ControlDiminishingRuleDefinition.cs:12	-	no runtime consumer; suspected intent: player-facing presentation or localization	wire in a separately ratified unit or delete after owner ratification; keep marked until then	-
unwired	SM.Content.Definitions.DropTableDefinition.DescriptionKey	Assets/_Game/Scripts/Runtime/Content/Definitions/DropTableDefinition.cs:26	-	no runtime consumer; suspected intent: player-facing presentation or localization	wire in a separately ratified unit or delete after owner ratification; keep marked until then	-
unwired	SM.Content.Definitions.DropTableDefinition.NameKey	Assets/_Game/Scripts/Runtime/Content/Definitions/DropTableDefinition.cs:25	-	no runtime consumer; suspected intent: player-facing presentation or localization	wire in a separately ratified unit or delete after owner ratification; keep marked until then	-
unwired	SM.Content.Definitions.EncounterDefinition.DescriptionKey	Assets/_Game/Scripts/Runtime/Content/Definitions/EncounterDefinition.cs:14	-	no runtime consumer; suspected intent: player-facing presentation or localization	wire in a separately ratified unit or delete after owner ratification; keep marked until then	-
unwired	SM.Content.Definitions.EnemySquadTemplateDefinition.DescriptionKey	Assets/_Game/Scripts/Runtime/Content/Definitions/EnemySquadTemplateDefinition.cs:36	-	no runtime consumer; suspected intent: player-facing presentation or localization	wire in a separately ratified unit or delete after owner ratification; keep marked until then	-
unwired	SM.Content.Definitions.ExtraActorCharacterDefinition.BarkSetId	Assets/_Game/Scripts/Runtime/Content/Definitions/ExtraActorCharacterDefinition.cs:21	-	no runtime consumer; suspected intent: extra-actor spawn, combat binding, recruitment, or presentation metadata	wire in a separately ratified unit or delete after owner ratification; keep marked until then	-
unwired	SM.Content.Definitions.ExtraActorCharacterDefinition.ChapterId	Assets/_Game/Scripts/Runtime/Content/Definitions/ExtraActorCharacterDefinition.cs:12	-	no runtime consumer; suspected intent: extra-actor spawn, combat binding, recruitment, or presentation metadata	wire in a separately ratified unit or delete after owner ratification; keep marked until then	-
unwired	SM.Content.Definitions.ExtraActorCharacterDefinition.CombatArchetypeId	Assets/_Game/Scripts/Runtime/Content/Definitions/ExtraActorCharacterDefinition.cs:17	-	no runtime consumer; suspected intent: extra-actor spawn, combat binding, recruitment, or presentation metadata	wire in a separately ratified unit or delete after owner ratification; keep marked until then	-
unwired	SM.Content.Definitions.ExtraActorCharacterDefinition.DescriptionKey	Assets/_Game/Scripts/Runtime/Content/Definitions/ExtraActorCharacterDefinition.cs:10	-	no runtime consumer; suspected intent: extra-actor spawn, combat binding, recruitment, or presentation metadata	wire in a separately ratified unit or delete after owner ratification; keep marked until then	-
unwired	SM.Content.Definitions.ExtraActorCharacterDefinition.DossierHook	Assets/_Game/Scripts/Runtime/Content/Definitions/ExtraActorCharacterDefinition.cs:22	-	no runtime consumer; suspected intent: extra-actor spawn, combat binding, recruitment, or presentation metadata	wire in a separately ratified unit or delete after owner ratification; keep marked until then	-
unwired	SM.Content.Definitions.ExtraActorCharacterDefinition.ExposureTier	Assets/_Game/Scripts/Runtime/Content/Definitions/ExtraActorCharacterDefinition.cs:11	-	no runtime consumer; suspected intent: extra-actor spawn, combat binding, recruitment, or presentation metadata	wire in a separately ratified unit or delete after owner ratification; keep marked until then	-
unwired	SM.Content.Definitions.ExtraActorCharacterDefinition.FactionId	Assets/_Game/Scripts/Runtime/Content/Definitions/ExtraActorCharacterDefinition.cs:16	-	no runtime consumer; suspected intent: extra-actor spawn, combat binding, recruitment, or presentation metadata	wire in a separately ratified unit or delete after owner ratification; keep marked until then	-
unwired	SM.Content.Definitions.ExtraActorCharacterDefinition.FirstClearSpawnPolicy	Assets/_Game/Scripts/Runtime/Content/Definitions/ExtraActorCharacterDefinition.cs:14	-	no runtime consumer; suspected intent: extra-actor spawn, combat binding, recruitment, or presentation metadata	wire in a separately ratified unit or delete after owner ratification; keep marked until then	-
unwired	SM.Content.Definitions.ExtraActorCharacterDefinition.GachaEligible	Assets/_Game/Scripts/Runtime/Content/Definitions/ExtraActorCharacterDefinition.cs:23	-	no runtime consumer; suspected intent: extra-actor spawn, combat binding, recruitment, or presentation metadata	wire in a separately ratified unit or delete after owner ratification; keep marked until then	-
unwired	SM.Content.Definitions.ExtraActorCharacterDefinition.IllustrationTier	Assets/_Game/Scripts/Runtime/Content/Definitions/ExtraActorCharacterDefinition.cs:20	-	no runtime consumer; suspected intent: extra-actor spawn, combat binding, recruitment, or presentation metadata	wire in a separately ratified unit or delete after owner ratification; keep marked until then	-
unwired	SM.Content.Definitions.ExtraActorCharacterDefinition.ModelArchetype	Assets/_Game/Scripts/Runtime/Content/Definitions/ExtraActorCharacterDefinition.cs:19	-	no runtime consumer; suspected intent: extra-actor spawn, combat binding, recruitment, or presentation metadata	wire in a separately ratified unit or delete after owner ratification; keep marked until then	-
unwired	SM.Content.Definitions.ExtraActorCharacterDefinition.NameKey	Assets/_Game/Scripts/Runtime/Content/Definitions/ExtraActorCharacterDefinition.cs:9	-	no runtime consumer; suspected intent: extra-actor spawn, combat binding, recruitment, or presentation metadata	wire in a separately ratified unit or delete after owner ratification; keep marked until then	-
unwired	SM.Content.Definitions.ExtraActorCharacterDefinition.P09BasePresetId	Assets/_Game/Scripts/Runtime/Content/Definitions/ExtraActorCharacterDefinition.cs:18	-	no runtime consumer; suspected intent: extra-actor spawn, combat binding, recruitment, or presentation metadata	wire in a separately ratified unit or delete after owner ratification; keep marked until then	-
unwired	SM.Content.Definitions.ExtraActorCharacterDefinition.SiteId	Assets/_Game/Scripts/Runtime/Content/Definitions/ExtraActorCharacterDefinition.cs:13	-	no runtime consumer; suspected intent: extra-actor spawn, combat binding, recruitment, or presentation metadata	wire in a separately ratified unit or delete after owner ratification; keep marked until then	-
unwired	SM.Content.Definitions.ExtraActorCharacterDefinition.StorySafety	Assets/_Game/Scripts/Runtime/Content/Definitions/ExtraActorCharacterDefinition.cs:15	-	no runtime consumer; suspected intent: extra-actor spawn, combat binding, recruitment, or presentation metadata	wire in a separately ratified unit or delete after owner ratification; keep marked until then	-
unwired	SM.Content.Definitions.ItemBaseDefinition.AffixPoolTag	Assets/_Game/Scripts/Runtime/Content/Definitions/ItemBaseDefinition.cs:32	-	no runtime consumer; suspected intent: item eligibility, crafting, affix, or rule taxonomy	wire in a separately ratified unit or delete after owner ratification; keep marked until then	-
unwired	SM.Content.Definitions.ItemBaseDefinition.AllowedArchetypeTags	Assets/_Game/Scripts/Runtime/Content/Definitions/ItemBaseDefinition.cs:40	-	no runtime consumer; suspected intent: item eligibility, crafting, affix, or rule taxonomy	wire in a separately ratified unit or delete after owner ratification; keep marked until then	-
unwired	SM.Content.Definitions.ItemBaseDefinition.CraftCurrencyTag	Assets/_Game/Scripts/Runtime/Content/Definitions/ItemBaseDefinition.cs:35	-	no runtime consumer; suspected intent: item eligibility, crafting, affix, or rule taxonomy	wire in a separately ratified unit or delete after owner ratification; keep marked until then	-
unwired	SM.Content.Definitions.ItemBaseDefinition.DescriptionKey	Assets/_Game/Scripts/Runtime/Content/Definitions/ItemBaseDefinition.cs:25	-	no runtime consumer; suspected intent: item eligibility, crafting, affix, or rule taxonomy	wire in a separately ratified unit or delete after owner ratification; keep marked until then	-
unwired	SM.Content.Definitions.ItemBaseDefinition.ItemFamilyTag	Assets/_Game/Scripts/Runtime/Content/Definitions/ItemBaseDefinition.cs:29	-	no runtime consumer; suspected intent: item eligibility, crafting, affix, or rule taxonomy	wire in a separately ratified unit or delete after owner ratification; keep marked until then	-
unwired	SM.Content.Definitions.ItemBaseDefinition.RuleModifierTags	Assets/_Game/Scripts/Runtime/Content/Definitions/ItemBaseDefinition.cs:38	-	no runtime consumer; suspected intent: item eligibility, crafting, affix, or rule taxonomy	wire in a separately ratified unit or delete after owner ratification; keep marked until then	-
unwired	SM.Content.Definitions.ItemBaseDefinition.UniqueRuleTags	Assets/_Game/Scripts/Runtime/Content/Definitions/ItemBaseDefinition.cs:41	-	no runtime consumer; suspected intent: item eligibility, crafting, affix, or rule taxonomy	wire in a separately ratified unit or delete after owner ratification; keep marked until then	-
unwired	SM.Content.Definitions.LootBundleDefinition.DescriptionKey	Assets/_Game/Scripts/Runtime/Content/Definitions/LootBundleDefinition.cs:13	-	no runtime consumer; suspected intent: player-facing presentation or localization	wire in a separately ratified unit or delete after owner ratification; keep marked until then	-
unwired	SM.Content.Definitions.LootBundleDefinition.NameKey	Assets/_Game/Scripts/Runtime/Content/Definitions/LootBundleDefinition.cs:12	-	no runtime consumer; suspected intent: player-facing presentation or localization	wire in a separately ratified unit or delete after owner ratification; keep marked until then	-
unwired	SM.Content.Definitions.MobilityDefinition.DescriptionKey	Assets/_Game/Scripts/Runtime/Content/Definitions/MobilityDefinition.cs:14	-	no runtime consumer; suspected intent: player-facing presentation or localization	wire in a separately ratified unit or delete after owner ratification; keep marked until then	-
unwired	SM.Content.Definitions.PassiveDefinition.DescriptionKey	Assets/_Game/Scripts/Runtime/Content/Definitions/PassiveDefinition.cs:14	-	no runtime consumer; suspected intent: passive selection constraints and recruit taxonomy	wire in a separately ratified unit or delete after owner ratification; keep marked until then	-
unwired	SM.Content.Definitions.PassiveDefinition.MutuallyExclusiveGroupId	Assets/_Game/Scripts/Runtime/Content/Definitions/PassiveDefinition.cs:16	-	no runtime consumer; suspected intent: passive selection constraints and recruit taxonomy	wire in a separately ratified unit or delete after owner ratification; keep marked until then	-
unwired	SM.Content.Definitions.PassiveDefinition.RecruitNativeTags	Assets/_Game/Scripts/Runtime/Content/Definitions/PassiveDefinition.cs:18	-	no runtime consumer; suspected intent: passive selection constraints and recruit taxonomy	wire in a separately ratified unit or delete after owner ratification; keep marked until then	-
unwired	SM.Content.Definitions.PassiveDefinition.RecruitPlanTags	Assets/_Game/Scripts/Runtime/Content/Definitions/PassiveDefinition.cs:19	-	no runtime consumer; suspected intent: passive selection constraints and recruit taxonomy	wire in a separately ratified unit or delete after owner ratification; keep marked until then	-
unwired	SM.Content.Definitions.PassiveDefinition.RecruitScoutTags	Assets/_Game/Scripts/Runtime/Content/Definitions/PassiveDefinition.cs:20	-	no runtime consumer; suspected intent: passive selection constraints and recruit taxonomy	wire in a separately ratified unit or delete after owner ratification; keep marked until then	-
unwired	SM.Content.Definitions.RaceDefinition.DescriptionKey	Assets/_Game/Scripts/Runtime/Content/Definitions/RaceDefinition.cs:12	-	no runtime consumer; suspected intent: player-facing presentation or localization	wire in a separately ratified unit or delete after owner ratification; keep marked until then	-
unwired	SM.Content.Definitions.RewardSourceDefinition.DescriptionKey	Assets/_Game/Scripts/Runtime/Content/Definitions/RewardSourceDefinition.cs:14	-	no runtime consumer; suspected intent: player-facing presentation or localization	wire in a separately ratified unit or delete after owner ratification; keep marked until then	-
unwired	SM.Content.Definitions.SkillAiScoreHints.BurstBias	Assets/_Game/Scripts/Runtime/Content/Definitions/ContentAuthoringSchemaTypes.cs:71	-	no runtime consumer; suspected intent: authored AI action scoring	wire in a separately ratified unit or delete after owner ratification; keep marked until then	-
unwired	SM.Content.Definitions.SkillAiScoreHints.ControlBias	Assets/_Game/Scripts/Runtime/Content/Definitions/ContentAuthoringSchemaTypes.cs:75	-	no runtime consumer; suspected intent: authored AI action scoring	wire in a separately ratified unit or delete after owner ratification; keep marked until then	-
unwired	SM.Content.Definitions.SkillAiScoreHints.ExecuteBias	Assets/_Game/Scripts/Runtime/Content/Definitions/ContentAuthoringSchemaTypes.cs:74	-	no runtime consumer; suspected intent: authored AI action scoring	wire in a separately ratified unit or delete after owner ratification; keep marked until then	-
unwired	SM.Content.Definitions.SkillAiScoreHints.MaintainRangeBias	Assets/_Game/Scripts/Runtime/Content/Definitions/ContentAuthoringSchemaTypes.cs:73	-	no runtime consumer; suspected intent: authored AI action scoring	wire in a separately ratified unit or delete after owner ratification; keep marked until then	-
unwired	SM.Content.Definitions.SkillAiScoreHints.MaximumDistance	Assets/_Game/Scripts/Runtime/Content/Definitions/ContentAuthoringSchemaTypes.cs:79	-	no runtime consumer; suspected intent: authored AI action scoring	wire in a separately ratified unit or delete after owner ratification; keep marked until then	-
unwired	SM.Content.Definitions.SkillAiScoreHints.MaximumTargetHealthRatio	Assets/_Game/Scripts/Runtime/Content/Definitions/ContentAuthoringSchemaTypes.cs:77	-	no runtime consumer; suspected intent: authored AI action scoring	wire in a separately ratified unit or delete after owner ratification; keep marked until then	-
unwired	SM.Content.Definitions.SkillAiScoreHints.MinimumDistance	Assets/_Game/Scripts/Runtime/Content/Definitions/ContentAuthoringSchemaTypes.cs:78	-	no runtime consumer; suspected intent: authored AI action scoring	wire in a separately ratified unit or delete after owner ratification; keep marked until then	-
unwired	SM.Content.Definitions.SkillAiScoreHints.MinimumTargetHealthRatio	Assets/_Game/Scripts/Runtime/Content/Definitions/ContentAuthoringSchemaTypes.cs:76	-	no runtime consumer; suspected intent: authored AI action scoring	wire in a separately ratified unit or delete after owner ratification; keep marked until then	-
unwired	SM.Content.Definitions.SkillAiScoreHints.ProtectBias	Assets/_Game/Scripts/Runtime/Content/Definitions/ContentAuthoringSchemaTypes.cs:72	-	no runtime consumer; suspected intent: authored AI action scoring	wire in a separately ratified unit or delete after owner ratification; keep marked until then	-
unwired	SM.Content.Definitions.SkillDefinitionAsset.AiIntents	Assets/_Game/Scripts/Runtime/Content/Definitions/SkillDefinitionAsset.cs:56	-	no runtime consumer; suspected intent: authored AI action scoring	wire in a separately ratified unit or delete after owner ratification; keep marked until then	-
unwired	SM.Content.Definitions.SkillDefinitionAsset.AiScoreHints	Assets/_Game/Scripts/Runtime/Content/Definitions/SkillDefinitionAsset.cs:57	-	no runtime consumer; suspected intent: authored AI action scoring	wire in a separately ratified unit or delete after owner ratification; keep marked until then	-
unwired	SM.Content.Definitions.SkillDefinitionAsset.AnimationHookId	Assets/_Game/Scripts/Runtime/Content/Definitions/SkillDefinitionAsset.cs:58	-	no runtime consumer; suspected intent: battle presentation cue selection	wire in a separately ratified unit or delete after owner ratification; keep marked until then	-
unwired	SM.Content.Definitions.SkillDefinitionAsset.ArcDegrees	Assets/_Game/Scripts/Runtime/Content/Definitions/SkillDefinitionAsset.cs:28	-	no runtime consumer; suspected intent: authored skill geometry and range band	wire in a separately ratified unit or delete after owner ratification; keep marked until then	-
unwired	SM.Content.Definitions.SkillDefinitionAsset.LearnSource	Assets/_Game/Scripts/Runtime/Content/Definitions/SkillDefinitionAsset.cs:62	-	no runtime consumer; suspected intent: skill acquisition and eligibility	wire in a separately ratified unit or delete after owner ratification; keep marked until then	-
unwired	SM.Content.Definitions.SkillDefinitionAsset.RangeMax	Assets/_Game/Scripts/Runtime/Content/Definitions/SkillDefinitionAsset.cs:25	-	no runtime consumer; suspected intent: authored skill geometry and range band	wire in a separately ratified unit or delete after owner ratification; keep marked until then	-
unwired	SM.Content.Definitions.SkillDefinitionAsset.RangeMin	Assets/_Game/Scripts/Runtime/Content/Definitions/SkillDefinitionAsset.cs:24	-	no runtime consumer; suspected intent: authored skill geometry and range band	wire in a separately ratified unit or delete after owner ratification; keep marked until then	-
unwired	SM.Content.Definitions.SkillDefinitionAsset.RecoverySeconds	Assets/_Game/Scripts/Runtime/Content/Definitions/SkillDefinitionAsset.cs:53	-	no runtime consumer; suspected intent: post-cast recovery timing	wire in a separately ratified unit or delete after owner ratification; keep marked until then	-
unwired	SM.Content.Definitions.SkillDefinitionAsset.SfxHookId	Assets/_Game/Scripts/Runtime/Content/Definitions/SkillDefinitionAsset.cs:61	-	no runtime consumer; suspected intent: battle presentation cue selection	wire in a separately ratified unit or delete after owner ratification; keep marked until then	-
unwired	SM.Content.Definitions.SkillDefinitionAsset.Width	Assets/_Game/Scripts/Runtime/Content/Definitions/SkillDefinitionAsset.cs:27	-	no runtime consumer; suspected intent: authored skill geometry and range band	wire in a separately ratified unit or delete after owner ratification; keep marked until then	-
unwired	SM.Content.Definitions.StableTagDefinition.NameKey	Assets/_Game/Scripts/Runtime/Content/Definitions/StableTagDefinition.cs:11	-	no runtime consumer; suspected intent: player-facing presentation or localization	wire in a separately ratified unit or delete after owner ratification; keep marked until then	-
unwired	SM.Content.Definitions.StatusApplicationRule.Effects	Assets/_Game/Scripts/Runtime/Content/Definitions/StatusFamilyDefinition.cs:26	-	no runtime consumer; suspected intent: status stacking, refresh, ownership, AI, effect, or presentation policy	wire in a separately ratified unit or delete after owner ratification; keep marked until then	-
unwired	SM.Content.Definitions.StatusApplicationRule.OwnershipPolicy	Assets/_Game/Scripts/Runtime/Content/Definitions/StatusFamilyDefinition.cs:25	-	no runtime consumer; suspected intent: status stacking, refresh, ownership, AI, effect, or presentation policy	wire in a separately ratified unit or delete after owner ratification; keep marked until then	-
unwired	SM.Content.Definitions.StatusApplicationRule.ProcAttributionPolicy	Assets/_Game/Scripts/Runtime/Content/Definitions/StatusFamilyDefinition.cs:24	-	no runtime consumer; suspected intent: status stacking, refresh, ownership, AI, effect, or presentation policy	wire in a separately ratified unit or delete after owner ratification; keep marked until then	-
unwired	SM.Content.Definitions.StatusApplicationRule.RefreshPolicy	Assets/_Game/Scripts/Runtime/Content/Definitions/StatusFamilyDefinition.cs:23	-	no runtime consumer; suspected intent: status stacking, refresh, ownership, AI, effect, or presentation policy	wire in a separately ratified unit or delete after owner ratification; keep marked until then	-
unwired	SM.Content.Definitions.StatusApplicationRule.StackPolicy	Assets/_Game/Scripts/Runtime/Content/Definitions/StatusFamilyDefinition.cs:22	-	no runtime consumer; suspected intent: status stacking, refresh, ownership, AI, effect, or presentation policy	wire in a separately ratified unit or delete after owner ratification; keep marked until then	-
unwired	SM.Content.Definitions.StatusFamilyDefinition.DefaultOwnershipPolicy	Assets/_Game/Scripts/Runtime/Content/Definitions/StatusFamilyDefinition.cs:93	-	no runtime consumer; suspected intent: status stacking, refresh, ownership, AI, effect, or presentation policy	wire in a separately ratified unit or delete after owner ratification; keep marked until then	-
unwired	SM.Content.Definitions.StatusFamilyDefinition.DefaultProcAttributionPolicy	Assets/_Game/Scripts/Runtime/Content/Definitions/StatusFamilyDefinition.cs:92	-	no runtime consumer; suspected intent: status stacking, refresh, ownership, AI, effect, or presentation policy	wire in a separately ratified unit or delete after owner ratification; keep marked until then	-
unwired	SM.Content.Definitions.StatusFamilyDefinition.DefaultRefreshPolicy	Assets/_Game/Scripts/Runtime/Content/Definitions/StatusFamilyDefinition.cs:91	-	no runtime consumer; suspected intent: status stacking, refresh, ownership, AI, effect, or presentation policy	wire in a separately ratified unit or delete after owner ratification; keep marked until then	-
unwired	SM.Content.Definitions.StatusFamilyDefinition.DefaultStackCap	Assets/_Game/Scripts/Runtime/Content/Definitions/StatusFamilyDefinition.cs:89	-	no runtime consumer; suspected intent: status stacking, refresh, ownership, AI, effect, or presentation policy	wire in a separately ratified unit or delete after owner ratification; keep marked until then	-
unwired	SM.Content.Definitions.StatusFamilyDefinition.DefaultStackPolicy	Assets/_Game/Scripts/Runtime/Content/Definitions/StatusFamilyDefinition.cs:90	-	no runtime consumer; suspected intent: status stacking, refresh, ownership, AI, effect, or presentation policy	wire in a separately ratified unit or delete after owner ratification; keep marked until then	-
unwired	SM.Content.Definitions.StatusFamilyDefinition.DescriptionKey	Assets/_Game/Scripts/Runtime/Content/Definitions/StatusFamilyDefinition.cs:34	-	no runtime consumer; suspected intent: status stacking, refresh, ownership, AI, effect, or presentation policy	wire in a separately ratified unit or delete after owner ratification; keep marked until then	-
unwired	SM.Content.Definitions.StatusFamilyDefinition.Effects	Assets/_Game/Scripts/Runtime/Content/Definitions/StatusFamilyDefinition.cs:96	-	no runtime consumer; suspected intent: status stacking, refresh, ownership, AI, effect, or presentation policy	wire in a separately ratified unit or delete after owner ratification; keep marked until then	-
unwired	SM.Content.Definitions.StatusFamilyDefinition.IsAiRelevant	Assets/_Game/Scripts/Runtime/Content/Definitions/StatusFamilyDefinition.cs:94	-	no runtime consumer; suspected intent: status stacking, refresh, ownership, AI, effect, or presentation policy	wire in a separately ratified unit or delete after owner ratification; keep marked until then	-
unwired	SM.Content.Definitions.StatusFamilyDefinition.NameKey	Assets/_Game/Scripts/Runtime/Content/Definitions/StatusFamilyDefinition.cs:33	-	no runtime consumer; suspected intent: status stacking, refresh, ownership, AI, effect, or presentation policy	wire in a separately ratified unit or delete after owner ratification; keep marked until then	-
unwired	SM.Content.Definitions.StatusFamilyDefinition.SfxHookId	Assets/_Game/Scripts/Runtime/Content/Definitions/StatusFamilyDefinition.cs:85	-	no runtime consumer; suspected intent: battle presentation cue selection	wire in a separately ratified unit or delete after owner ratification; keep marked until then	-
unwired	SM.Content.Definitions.StatusFamilyDefinition.VisualPriority	Assets/_Game/Scripts/Runtime/Content/Definitions/StatusFamilyDefinition.cs:95	-	no runtime consumer; suspected intent: battle presentation cue selection	wire in a separately ratified unit or delete after owner ratification; keep marked until then	-
unwired	SM.Content.Definitions.SynergyTierDefinition.DescriptionKey	Assets/_Game/Scripts/Runtime/Content/Definitions/SynergyTierDefinition.cs:15	-	no runtime consumer; suspected intent: synergy tier effects	wire in a separately ratified unit or delete after owner ratification; keep marked until then	-
unwired	SM.Content.Definitions.SynergyTierDefinition.Effects	Assets/_Game/Scripts/Runtime/Content/Definitions/SynergyTierDefinition.cs:18	-	no runtime consumer; suspected intent: synergy tier effects	wire in a separately ratified unit or delete after owner ratification; keep marked until then	-
unwired	SM.Content.Definitions.SynergyTierDefinition.NameKey	Assets/_Game/Scripts/Runtime/Content/Definitions/SynergyTierDefinition.cs:14	-	no runtime consumer; suspected intent: synergy tier effects	wire in a separately ratified unit or delete after owner ratification; keep marked until then	-
unwired	SM.Content.Definitions.TraitEntry.DescriptionKey	Assets/_Game/Scripts/Runtime/Content/Definitions/TraitEntry.cs:14	-	no runtime consumer; suspected intent: player-facing presentation or localization	wire in a separately ratified unit or delete after owner ratification; keep marked until then	-
unwired	SM.Content.Definitions.TraitTokenDefinition.DescriptionKey	Assets/_Game/Scripts/Runtime/Content/Definitions/TraitTokenDefinition.cs:13	-	no runtime consumer; suspected intent: player-facing presentation or localization	wire in a separately ratified unit or delete after owner ratification; keep marked until then	-
unwired	SM.Content.Definitions.TraitTokenDefinition.NameKey	Assets/_Game/Scripts/Runtime/Content/Definitions/TraitTokenDefinition.cs:12	-	no runtime consumer; suspected intent: player-facing presentation or localization	wire in a separately ratified unit or delete after owner ratification; keep marked until then	-
unwired	SM.Content.Definitions.UnitArchetypeDefinition.RoleFamilyTag	Assets/_Game/Scripts/Runtime/Content/Definitions/UnitArchetypeDefinition.cs:24	-	no runtime consumer; suspected intent: archetype role and support-modifier selection	wire in a separately ratified unit or delete after owner ratification; keep marked until then	-
unwired	SM.Content.Definitions.UnitArchetypeDefinition.SupportModifierBiasTags	Assets/_Game/Scripts/Runtime/Content/Definitions/UnitArchetypeDefinition.cs:37	-	no runtime consumer; suspected intent: archetype role and support-modifier selection	wire in a separately ratified unit or delete after owner ratification; keep marked until then	-
unwired	SM.Core.Contracts.StatInheritanceProfile.DefenseBonusScalar	Assets/_Game/Scripts/Runtime/Core/Contracts/OwnershipContracts.cs:60	-	no runtime consumer; suspected intent: owned-summon stat inheritance	wire in a separately ratified unit or delete after owner ratification; keep marked until then	-
unwired	SM.Core.Contracts.StatInheritanceProfile.InheritBlock	Assets/_Game/Scripts/Runtime/Core/Contracts/OwnershipContracts.cs:64	-	no runtime consumer; suspected intent: owned-summon stat inheritance	wire in a separately ratified unit or delete after owner ratification; keep marked until then	-
unwired	SM.Core.Contracts.StatInheritanceProfile.InheritCritChance	Assets/_Game/Scripts/Runtime/Core/Contracts/OwnershipContracts.cs:62	-	no runtime consumer; suspected intent: owned-summon stat inheritance	wire in a separately ratified unit or delete after owner ratification; keep marked until then	-
unwired	SM.Core.Contracts.StatInheritanceProfile.InheritDodge	Assets/_Game/Scripts/Runtime/Core/Contracts/OwnershipContracts.cs:63	-	no runtime consumer; suspected intent: owned-summon stat inheritance	wire in a separately ratified unit or delete after owner ratification; keep marked until then	-
unwired	SM.Core.Contracts.StatInheritanceProfile.OffenseBonusScalar	Assets/_Game/Scripts/Runtime/Core/Contracts/OwnershipContracts.cs:59	-	no runtime consumer; suspected intent: owned-summon stat inheritance	wire in a separately ratified unit or delete after owner ratification; keep marked until then	-
unwired	SM.Core.Contracts.StatInheritanceProfile.UtilityBonusScalar	Assets/_Game/Scripts/Runtime/Core/Contracts/OwnershipContracts.cs:61	-	no runtime consumer; suspected intent: owned-summon stat inheritance	wire in a separately ratified unit or delete after owner ratification; keep marked until then	-
unwired	SM.Unity.Sandbox.CombatSandboxConfig.TemporaryAugmentIds	Assets/_Game/Scripts/Runtime/Unity/Sandbox/CombatSandboxConfig.cs:31	-	no runtime consumer; suspected intent: sandbox temporary augment loadout	wire in a separately ratified unit or delete after owner ratification; keep marked until then	-
unwired	SM.Unity.Sandbox.CombatSandboxScenarioMetadata.ExpectedOutcome	Assets/_Game/Scripts/Runtime/Unity/Sandbox/CombatSandboxAuthoringModels.cs:130	-	no runtime consumer; suspected intent: sandbox outcome assertion	wire in a separately ratified unit or delete after owner ratification; keep marked until then	-
unwired	SM.Unity.Sandbox.CombatSandboxScenarioMetadata.Notes	Assets/_Game/Scripts/Runtime/Unity/Sandbox/CombatSandboxAuthoringModels.cs:129	-	no runtime consumer; suspected intent: player-facing presentation or localization	wire in a separately ratified unit or delete after owner ratification; keep marked until then	-
shadowed	SM.Content.Definitions.SkillDefinitionAsset.TargetRule	Assets/_Game/Scripts/Runtime/Content/Definitions/SkillDefinitionAsset.cs:21	Assets/_Game/Scripts/Runtime/Combat/Services/TacticEvaluator.cs:104	winner: SM.Content.Definitions.SkillDefinitionAsset.TargetRuleData.Domain	ratify the winner, then delete the shadow or make precedence explicit in a separate behavior-change unit	-
shadowed	SM.Content.Definitions.UnitLoadoutDefinition.FlexActive	Assets/_Game/Scripts/Runtime/Content/Definitions/UnitLoadoutDefinition.cs:12	Assets/_Game/Scripts/Runtime/Meta/Services/LoadoutCompiler.cs:789	winner: LoadoutCompiler.ResolveLoopASkill resolved FlexActive selection	ratify the winner, then delete the shadow or make precedence explicit in a separate behavior-change unit	-
shadowed	SM.Content.Definitions.UnitLoadoutDefinition.FlexPassive	Assets/_Game/Scripts/Runtime/Content/Definitions/UnitLoadoutDefinition.cs:14	Assets/_Game/Scripts/Runtime/Meta/Services/LoadoutCompiler.cs:800	winner: LoadoutCompiler.ResolveLoopAPassive resolved FlexPassive selection	ratify the winner, then delete the shadow or make precedence explicit in a separate behavior-change unit	-
shadowed	SM.Content.Definitions.UnitLoadoutDefinition.SignatureActive	Assets/_Game/Scripts/Runtime/Content/Definitions/UnitLoadoutDefinition.cs:11	Assets/_Game/Scripts/Runtime/Meta/Services/LoadoutCompiler.cs:789	winner: LoadoutCompiler.ResolveLoopASkill resolved SignatureActive selection	ratify the winner, then delete the shadow or make precedence explicit in a separate behavior-change unit	-
shadowed	SM.Content.Definitions.UnitLoadoutDefinition.SignaturePassive	Assets/_Game/Scripts/Runtime/Content/Definitions/UnitLoadoutDefinition.cs:13	Assets/_Game/Scripts/Runtime/Meta/Services/LoadoutCompiler.cs:800	winner: LoadoutCompiler.ResolveLoopAPassive resolved SignaturePassive selection	ratify the winner, then delete the shadow or make precedence explicit in a separate behavior-change unit	-
shadowed	SM.Content.Definitions.DropGradeProfileDefinition.InitialLatentMean	Assets/_Game/Scripts/Runtime/Content/Definitions/DropGradeProfileDefinition.cs:9	Assets/_Game/Scripts/Runtime/Meta/Services/DropGradeEconomy.cs:41	winner: MeanPreservingLatentMean after measured-kappa recentering; InitialLatentMean preserves the direction target for author review	keep the explicit initial target and calibrated winner together while this economy is owner-ratified	-
shadowed	SM.Content.Definitions.DropGradeProfileDefinition.InitialStandardDeviation	Assets/_Game/Scripts/Runtime/Content/Definitions/DropGradeProfileDefinition.cs:10	Assets/_Game/Scripts/Runtime/Meta/Services/DropGradeEconomy.cs:42	winner: StandardDeviation after calibration-priority contraction; InitialStandardDeviation preserves direction s_q=0.78 for author review	keep the explicit initial target and calibrated winner together while this economy is owner-ratified	-
dead	SM.Content.Definitions.AffixDefinition.AffixFamily	Assets/_Game/Scripts/Runtime/Content/Definitions/AffixDefinition.cs:25	-	no runtime consumer; runtime does nothing	delete after owner ratification in a separate behavior-change unit, or retain the explicit marker	reachability-catalog+lint-warning
dead	SM.Content.Definitions.AffixDefinition.AuthorityLayer	Assets/_Game/Scripts/Runtime/Content/Definitions/AffixDefinition.cs:40	-	no runtime consumer; runtime does nothing	delete after owner ratification in a separate behavior-change unit, or retain the explicit marker	reachability-catalog+lint-warning
dead	SM.Content.Definitions.AffixDefinition.BudgetCard	Assets/_Game/Scripts/Runtime/Content/Definitions/AffixDefinition.cs:38	-	no runtime consumer; runtime does nothing	delete after owner ratification in a separate behavior-change unit, or retain the explicit marker	reachability-catalog+lint-warning
dead	SM.Content.Definitions.AffixDefinition.EffectType	Assets/_Game/Scripts/Runtime/Content/Definitions/AffixDefinition.cs:26	-	no runtime consumer; runtime does nothing	delete after owner ratification in a separate behavior-change unit, or retain the explicit marker	reachability-catalog+lint-warning
dead	SM.Content.Definitions.AugmentDefinition.AuthorityLayer	Assets/_Game/Scripts/Runtime/Content/Definitions/AugmentDefinition.cs:38	-	no runtime consumer; runtime does nothing	delete after owner ratification in a separate behavior-change unit, or retain the explicit marker	reachability-catalog+lint-warning
dead	SM.Content.Definitions.AugmentDefinition.BudgetScore	Assets/_Game/Scripts/Runtime/Content/Definitions/AugmentDefinition.cs:29	-	no runtime consumer; runtime does nothing	delete after owner ratification in a separate behavior-change unit, or retain the explicit marker	reachability-catalog+lint-warning
dead	SM.Content.Definitions.ExpeditionDefinition.DescriptionKey	Assets/_Game/Scripts/Runtime/Content/Definitions/ExpeditionDefinition.cs:28	-	no runtime consumer; runtime does nothing	delete after owner ratification in a separate behavior-change unit, or retain the explicit marker	reachability-catalog+lint-warning
dead	SM.Content.Definitions.ExpeditionDefinition.Id	Assets/_Game/Scripts/Runtime/Content/Definitions/ExpeditionDefinition.cs:26	-	no runtime consumer; runtime does nothing	delete after owner ratification in a separate behavior-change unit, or retain the explicit marker	reachability-catalog+lint-warning
dead	SM.Content.Definitions.ExpeditionDefinition.legacyDisplayName	Assets/_Game/Scripts/Runtime/Content/Definitions/ExpeditionDefinition.cs:32	-	no runtime consumer; runtime does nothing	delete after owner ratification in a separate behavior-change unit, or retain the explicit marker	reachability-catalog+lint-warning
dead	SM.Content.Definitions.ExpeditionDefinition.NameKey	Assets/_Game/Scripts/Runtime/Content/Definitions/ExpeditionDefinition.cs:27	-	no runtime consumer; runtime does nothing	delete after owner ratification in a separate behavior-change unit, or retain the explicit marker	reachability-catalog+lint-warning
dead	SM.Content.Definitions.ExpeditionDefinition.Nodes	Assets/_Game/Scripts/Runtime/Content/Definitions/ExpeditionDefinition.cs:29	-	no runtime consumer; runtime does nothing	delete after owner ratification in a separate behavior-change unit, or retain the explicit marker	reachability-catalog+lint-warning
dead	SM.Content.Definitions.ExpeditionNodeDefinition.DescriptionKey	Assets/_Game/Scripts/Runtime/Content/Definitions/ExpeditionDefinition.cs:13	-	no runtime consumer; runtime does nothing	delete after owner ratification in a separate behavior-change unit, or retain the explicit marker	reachability-catalog+lint-warning
dead	SM.Content.Definitions.ExpeditionNodeDefinition.Id	Assets/_Game/Scripts/Runtime/Content/Definitions/ExpeditionDefinition.cs:11	-	no runtime consumer; runtime does nothing	delete after owner ratification in a separate behavior-change unit, or retain the explicit marker	reachability-catalog+lint-warning
dead	SM.Content.Definitions.ExpeditionNodeDefinition.LabelKey	Assets/_Game/Scripts/Runtime/Content/Definitions/ExpeditionDefinition.cs:12	-	no runtime consumer; runtime does nothing	delete after owner ratification in a separate behavior-change unit, or retain the explicit marker	reachability-catalog+lint-warning
dead	SM.Content.Definitions.ExpeditionNodeDefinition.legacyLabel	Assets/_Game/Scripts/Runtime/Content/Definitions/ExpeditionDefinition.cs:18	-	no runtime consumer; runtime does nothing	delete after owner ratification in a separate behavior-change unit, or retain the explicit marker	reachability-catalog+lint-warning
dead	SM.Content.Definitions.ExpeditionNodeDefinition.RewardSummaryKey	Assets/_Game/Scripts/Runtime/Content/Definitions/ExpeditionDefinition.cs:14	-	no runtime consumer; runtime does nothing	delete after owner ratification in a separate behavior-change unit, or retain the explicit marker	reachability-catalog+lint-warning
dead	SM.Content.Definitions.ExpeditionNodeDefinition.RewardTable	Assets/_Game/Scripts/Runtime/Content/Definitions/ExpeditionDefinition.cs:15	-	no runtime consumer; runtime does nothing	delete after owner ratification in a separate behavior-change unit, or retain the explicit marker	reachability-catalog+lint-warning
dead	SM.Content.Definitions.PassiveBoardDefinition.ClassId	Assets/_Game/Scripts/Runtime/Content/Definitions/PassiveBoardDefinition.cs:15	-	no runtime consumer; runtime does nothing	delete after owner ratification in a separate behavior-change unit, or retain the explicit marker	reachability-catalog+lint-warning
dead	SM.Content.Definitions.PassiveDefinition.Lane	Assets/_Game/Scripts/Runtime/Content/Definitions/PassiveDefinition.cs:22	-	no runtime consumer; runtime does nothing	delete after owner ratification in a separate behavior-change unit, or retain the explicit marker	reachability-catalog+lint-warning
dead	SM.Content.Definitions.PassiveDefinition.LockRule	Assets/_Game/Scripts/Runtime/Content/Definitions/PassiveDefinition.cs:23	-	no runtime consumer; runtime does nothing	delete after owner ratification in a separate behavior-change unit, or retain the explicit marker	reachability-catalog+lint-warning
dead	SM.Content.Definitions.RewardEntry.Amount	Assets/_Game/Scripts/Runtime/Content/Definitions/RewardEntry.cs:13	-	no runtime consumer; runtime does nothing	delete after owner ratification in a separate behavior-change unit, or retain the explicit marker	reachability-catalog+lint-warning
dead	SM.Content.Definitions.RewardEntry.Id	Assets/_Game/Scripts/Runtime/Content/Definitions/RewardEntry.cs:11	-	no runtime consumer; runtime does nothing	delete after owner ratification in a separate behavior-change unit, or retain the explicit marker	reachability-catalog+lint-warning
dead	SM.Content.Definitions.RewardEntry.LabelKey	Assets/_Game/Scripts/Runtime/Content/Definitions/RewardEntry.cs:14	-	no runtime consumer; runtime does nothing	delete after owner ratification in a separate behavior-change unit, or retain the explicit marker	reachability-catalog+lint-warning
dead	SM.Content.Definitions.RewardEntry.legacyLabel	Assets/_Game/Scripts/Runtime/Content/Definitions/RewardEntry.cs:17	-	no runtime consumer; runtime does nothing	delete after owner ratification in a separate behavior-change unit, or retain the explicit marker	reachability-catalog+lint-warning
dead	SM.Content.Definitions.RewardEntry.RewardType	Assets/_Game/Scripts/Runtime/Content/Definitions/RewardEntry.cs:12	-	no runtime consumer; runtime does nothing	delete after owner ratification in a separate behavior-change unit, or retain the explicit marker	reachability-catalog+lint-warning
dead	SM.Content.Definitions.RewardTableDefinition.DescriptionKey	Assets/_Game/Scripts/Runtime/Content/Definitions/RewardTableDefinition.cs:13	-	no runtime consumer; runtime does nothing	delete after owner ratification in a separate behavior-change unit, or retain the explicit marker	reachability-catalog+lint-warning
dead	SM.Content.Definitions.RewardTableDefinition.Id	Assets/_Game/Scripts/Runtime/Content/Definitions/RewardTableDefinition.cs:11	-	no runtime consumer; runtime does nothing	delete after owner ratification in a separate behavior-change unit, or retain the explicit marker	reachability-catalog+lint-warning
dead	SM.Content.Definitions.RewardTableDefinition.legacyDisplayName	Assets/_Game/Scripts/Runtime/Content/Definitions/RewardTableDefinition.cs:17	-	no runtime consumer; runtime does nothing	delete after owner ratification in a separate behavior-change unit, or retain the explicit marker	reachability-catalog+lint-warning
dead	SM.Content.Definitions.RewardTableDefinition.NameKey	Assets/_Game/Scripts/Runtime/Content/Definitions/RewardTableDefinition.cs:12	-	no runtime consumer; runtime does nothing	delete after owner ratification in a separate behavior-change unit, or retain the explicit marker	reachability-catalog+lint-warning
dead	SM.Content.Definitions.RewardTableDefinition.Rewards	Assets/_Game/Scripts/Runtime/Content/Definitions/RewardTableDefinition.cs:14	-	no runtime consumer; runtime does nothing	delete after owner ratification in a separate behavior-change unit, or retain the explicit marker	reachability-catalog+lint-warning
dead	SM.Content.Definitions.RoleInstructionDefinition.CompileTags	Assets/_Game/Scripts/Runtime/Content/Definitions/RoleInstructionDefinition.cs:19	-	no runtime consumer; runtime does nothing	delete after owner ratification in a separate behavior-change unit, or retain the explicit marker	reachability-catalog+lint-warning
dead	SM.Content.Definitions.SkillDefinitionAsset.CooldownSeconds	Assets/_Game/Scripts/Runtime/Content/Definitions/SkillDefinitionAsset.cs:51	-	no runtime consumer; runtime does nothing	delete after owner ratification in a separate behavior-change unit, or retain the explicit marker	reachability-catalog+lint-warning
dead	SM.Content.Definitions.SkillDefinitionAsset.PowerBudget	Assets/_Game/Scripts/Runtime/Content/Definitions/SkillDefinitionAsset.cs:54	-	no runtime consumer; runtime does nothing	delete after owner ratification in a separate behavior-change unit, or retain the explicit marker	reachability-catalog+lint-warning
dead	SM.Content.Definitions.SkillDefinitionAsset.ResourceCost	Assets/_Game/Scripts/Runtime/Content/Definitions/SkillDefinitionAsset.cs:47	-	no runtime consumer; runtime does nothing	delete after owner ratification in a separate behavior-change unit, or retain the explicit marker	reachability-catalog+lint-warning
dead	SM.Content.Definitions.SkillDefinitionAsset.TemplateType	Assets/_Game/Scripts/Runtime/Content/Definitions/SkillDefinitionAsset.cs:16	-	no runtime consumer; runtime does nothing	delete after owner ratification in a separate behavior-change unit, or retain the explicit marker	reachability-catalog+lint-warning
dead	SM.Content.Definitions.StatDefinition.DescriptionKey	Assets/_Game/Scripts/Runtime/Content/Definitions/StatDefinition.cs:12	-	no runtime consumer; runtime does nothing	delete after owner ratification in a separate behavior-change unit, or retain the explicit marker	reachability-catalog+lint-warning
dead	SM.Content.Definitions.StatDefinition.Id	Assets/_Game/Scripts/Runtime/Content/Definitions/StatDefinition.cs:10	-	no runtime consumer; runtime does nothing	delete after owner ratification in a separate behavior-change unit, or retain the explicit marker	reachability-catalog+lint-warning
dead	SM.Content.Definitions.StatDefinition.legacyDescription	Assets/_Game/Scripts/Runtime/Content/Definitions/StatDefinition.cs:18	-	no runtime consumer; runtime does nothing	delete after owner ratification in a separate behavior-change unit, or retain the explicit marker	reachability-catalog+lint-warning
dead	SM.Content.Definitions.StatDefinition.legacyDisplayName	Assets/_Game/Scripts/Runtime/Content/Definitions/StatDefinition.cs:15	-	no runtime consumer; runtime does nothing	delete after owner ratification in a separate behavior-change unit, or retain the explicit marker	reachability-catalog+lint-warning
dead	SM.Content.Definitions.StatDefinition.NameKey	Assets/_Game/Scripts/Runtime/Content/Definitions/StatDefinition.cs:11	-	no runtime consumer; runtime does nothing	delete after owner ratification in a separate behavior-change unit, or retain the explicit marker	reachability-catalog+lint-warning
dead	SM.Content.Definitions.StatusApplicationRule.StackCap	Assets/_Game/Scripts/Runtime/Content/Definitions/StatusFamilyDefinition.cs:21	-	no runtime consumer; runtime does nothing	delete after owner ratification in a separate behavior-change unit, or retain the explicit marker	reachability-catalog+lint-warning
dead	SM.Content.Definitions.StatusFamilyDefinition.AuthorityLayer	Assets/_Game/Scripts/Runtime/Content/Definitions/StatusFamilyDefinition.cs:88	-	no runtime consumer; runtime does nothing	delete after owner ratification in a separate behavior-change unit, or retain the explicit marker	reachability-catalog+lint-warning
dead	SM.Content.Definitions.SynergyDefinition.AuthorityLayer	Assets/_Game/Scripts/Runtime/Content/Definitions/SynergyDefinition.cs:16	-	no runtime consumer; runtime does nothing	delete after owner ratification in a separate behavior-change unit, or retain the explicit marker	reachability-catalog+lint-warning
dead	SM.Content.Definitions.SynergyTierDefinition.Id	Assets/_Game/Scripts/Runtime/Content/Definitions/SynergyTierDefinition.cs:13	-	no runtime consumer; runtime does nothing	delete after owner ratification in a separate behavior-change unit, or retain the explicit marker	reachability-catalog+lint-warning
dead	SM.Content.Definitions.TeamTacticDefinition.CompileTags	Assets/_Game/Scripts/Runtime/Content/Definitions/TeamTacticDefinition.cs:26	-	no runtime consumer; runtime does nothing	delete after owner ratification in a separate behavior-change unit, or retain the explicit marker	reachability-catalog+lint-warning
dead	SM.Content.Definitions.UnitArchetypeDefinition.ScopeKind	Assets/_Game/Scripts/Runtime/Content/Definitions/UnitArchetypeDefinition.cs:15	-	no runtime consumer; runtime does nothing	delete after owner ratification in a separate behavior-change unit, or retain the explicit marker	reachability-catalog+lint-warning
dead	SM.Core.Content.BudgetCard.ConditionClauseCount	Assets/_Game/Scripts/Runtime/Core/Content/ContentSchema.cs:383	-	no runtime consumer; runtime does nothing	delete after owner ratification in a separate behavior-change unit, or retain the explicit marker	reachability-catalog+lint-warning
dead	SM.Core.Content.BudgetCard.Domain	Assets/_Game/Scripts/Runtime/Core/Content/ContentSchema.cs:377	-	no runtime consumer; runtime does nothing	delete after owner ratification in a separate behavior-change unit, or retain the explicit marker	reachability-catalog+lint-warning
dead	SM.Core.Content.BudgetCard.KeywordCount	Assets/_Game/Scripts/Runtime/Core/Content/ContentSchema.cs:382	-	no runtime consumer; runtime does nothing	delete after owner ratification in a separate behavior-change unit, or retain the explicit marker	reachability-catalog+lint-warning
dead	SM.Core.Content.BudgetCard.RuleExceptionCount	Assets/_Game/Scripts/Runtime/Core/Content/ContentSchema.cs:384	-	no runtime consumer; runtime does nothing	delete after owner ratification in a separate behavior-change unit, or retain the explicit marker	reachability-catalog+lint-warning
dead	SM.Unity.Sandbox.CombatSandboxScenarioMetadata.Tags	Assets/_Game/Scripts/Runtime/Unity/Sandbox/CombatSandboxAuthoringModels.cs:128	-	no runtime consumer; runtime does nothing	delete after owner ratification in a separate behavior-change unit, or retain the explicit marker	reachability-catalog+lint-warning
presentation-only	SM.Content.ChapterBeatDefinition._beatLabel	Assets/_Game/Scripts/Runtime/Content/ChapterBeatDefinition.cs:13	Assets/_Game/Scripts/Runtime/Content/ChapterBeatDefinition.cs:23	presentation only; not battle, meta, or persistence truth	keep and preserve the presentation-only label	-
presentation-only	SM.Content.Definitions.AffixDefinition.legacyDescription	Assets/_Game/Scripts/Runtime/Content/Definitions/AffixDefinition.cs:48	Assets/_Game/Scripts/Runtime/Content/Definitions/AffixDefinition.cs:51	presentation only; not battle, meta, or persistence truth	keep and preserve the presentation-only label	-
presentation-only	SM.Content.Definitions.AffixDefinition.legacyDisplayName	Assets/_Game/Scripts/Runtime/Content/Definitions/AffixDefinition.cs:45	Assets/_Game/Scripts/Runtime/Content/Definitions/AffixDefinition.cs:50	presentation only; not battle, meta, or persistence truth	keep and preserve the presentation-only label	-
presentation-only	SM.Content.Definitions.AffixDefinition.NameKey	Assets/_Game/Scripts/Runtime/Content/Definitions/AffixDefinition.cs:21	Assets/_Game/Scripts/Runtime/Unity/ContentTextResolver.cs:28	presentation only; not battle, meta, or persistence truth	keep and preserve the presentation-only label	-
presentation-only	SM.Content.Definitions.AugmentDefinition.DescriptionKey	Assets/_Game/Scripts/Runtime/Content/Definitions/AugmentDefinition.cs:18	Assets/_Game/Scripts/Runtime/Unity/ContentTextResolver.cs:42	presentation only; not battle, meta, or persistence truth	keep and preserve the presentation-only label	-
presentation-only	SM.Content.Definitions.AugmentDefinition.IconId	Assets/_Game/Scripts/Runtime/Content/Definitions/AugmentDefinition.cs:19	Assets/_Game/Scripts/Runtime/Unity/UI/ContentIconResolver.cs:238	presentation only; not battle, meta, or persistence truth	keep and preserve the presentation-only label	-
presentation-only	SM.Content.Definitions.AugmentDefinition.legacyDescription	Assets/_Game/Scripts/Runtime/Content/Definitions/AugmentDefinition.cs:48	Assets/_Game/Scripts/Runtime/Content/Definitions/AugmentDefinition.cs:51	presentation only; not battle, meta, or persistence truth	keep and preserve the presentation-only label	-
presentation-only	SM.Content.Definitions.AugmentDefinition.legacyDisplayName	Assets/_Game/Scripts/Runtime/Content/Definitions/AugmentDefinition.cs:45	Assets/_Game/Scripts/Runtime/Content/Definitions/AugmentDefinition.cs:50	presentation only; not battle, meta, or persistence truth	keep and preserve the presentation-only label	-
presentation-only	SM.Content.Definitions.AugmentDefinition.NameKey	Assets/_Game/Scripts/Runtime/Content/Definitions/AugmentDefinition.cs:17	Assets/_Game/Scripts/Runtime/Unity/ContentTextResolver.cs:35	presentation only; not battle, meta, or persistence truth	keep and preserve the presentation-only label	-
presentation-only	SM.Content.Definitions.BasicAttackDefinition.NameKey	Assets/_Game/Scripts/Runtime/Content/Definitions/BasicAttackDefinition.cs:14	Assets/_Game/Scripts/Runtime/Unity/ContentConversion/SkillConverter.cs:195	presentation only; not battle, meta, or persistence truth	keep and preserve the presentation-only label	-
presentation-only	SM.Content.Definitions.BossOverlayDefinition.legacyDescription	Assets/_Game/Scripts/Runtime/Content/Definitions/BossOverlayDefinition.cs:26	Assets/_Game/Scripts/Runtime/Content/Definitions/BossOverlayDefinition.cs:29	presentation only; not battle, meta, or persistence truth	keep and preserve the presentation-only label	-
presentation-only	SM.Content.Definitions.BossOverlayDefinition.legacyDisplayName	Assets/_Game/Scripts/Runtime/Content/Definitions/BossOverlayDefinition.cs:23	Assets/_Game/Scripts/Runtime/Content/Definitions/BossOverlayDefinition.cs:28	presentation only; not battle, meta, or persistence truth	keep and preserve the presentation-only label	-
presentation-only	SM.Content.Definitions.BossOverlayDefinition.NameKey	Assets/_Game/Scripts/Runtime/Content/Definitions/BossOverlayDefinition.cs:13	Assets/_Game/Scripts/Runtime/Unity/ContentConversion/CampaignConverter.cs:163	presentation only; not battle, meta, or persistence truth	keep and preserve the presentation-only label	-
presentation-only	SM.Content.Definitions.CampaignChapterDefinition.DescriptionKey	Assets/_Game/Scripts/Runtime/Content/Definitions/CampaignChapterDefinition.cs:13	Assets/_Game/Scripts/Runtime/Unity/ContentTextResolver.cs:234	presentation only; not battle, meta, or persistence truth	keep and preserve the presentation-only label	-
presentation-only	SM.Content.Definitions.CampaignChapterDefinition.legacyDescription	Assets/_Game/Scripts/Runtime/Content/Definitions/CampaignChapterDefinition.cs:23	Assets/_Game/Scripts/Runtime/Content/Definitions/CampaignChapterDefinition.cs:26	presentation only; not battle, meta, or persistence truth	keep and preserve the presentation-only label	-
presentation-only	SM.Content.Definitions.CampaignChapterDefinition.legacyDisplayName	Assets/_Game/Scripts/Runtime/Content/Definitions/CampaignChapterDefinition.cs:20	Assets/_Game/Scripts/Runtime/Content/Definitions/CampaignChapterDefinition.cs:25	presentation only; not battle, meta, or persistence truth	keep and preserve the presentation-only label	-
presentation-only	SM.Content.Definitions.CampaignChapterDefinition.NameKey	Assets/_Game/Scripts/Runtime/Content/Definitions/CampaignChapterDefinition.cs:12	Assets/_Game/Scripts/Runtime/Unity/ContentTextResolver.cs:227	presentation only; not battle, meta, or persistence truth	keep and preserve the presentation-only label	-
presentation-only	SM.Content.Definitions.CharacterDefinition.DescriptionKey	Assets/_Game/Scripts/Runtime/Content/Definitions/CharacterDefinition.cs:12	Assets/_Game/Scripts/Runtime/Unity/ContentTextResolver.cs:133	presentation only; not battle, meta, or persistence truth	keep and preserve the presentation-only label	-
presentation-only	SM.Content.Definitions.CharacterDefinition.legacyDescription	Assets/_Game/Scripts/Runtime/Content/Definitions/CharacterDefinition.cs:23	Assets/_Game/Scripts/Runtime/Content/Definitions/CharacterDefinition.cs:26	presentation only; not battle, meta, or persistence truth	keep and preserve the presentation-only label	-
presentation-only	SM.Content.Definitions.CharacterDefinition.legacyDisplayName	Assets/_Game/Scripts/Runtime/Content/Definitions/CharacterDefinition.cs:20	Assets/_Game/Scripts/Runtime/Content/Definitions/CharacterDefinition.cs:25	presentation only; not battle, meta, or persistence truth	keep and preserve the presentation-only label	-
presentation-only	SM.Content.Definitions.CharacterDefinition.NameKey	Assets/_Game/Scripts/Runtime/Content/Definitions/CharacterDefinition.cs:11	Assets/_Game/Scripts/Runtime/Unity/ContentTextResolver.cs:111	presentation only; not battle, meta, or persistence truth	keep and preserve the presentation-only label	-
presentation-only	SM.Content.Definitions.ClassDefinition.legacyDescription	Assets/_Game/Scripts/Runtime/Content/Definitions/ClassDefinition.cs:25	Assets/_Game/Scripts/Runtime/Content/Definitions/ClassDefinition.cs:28	presentation only; not battle, meta, or persistence truth	keep and preserve the presentation-only label	-
presentation-only	SM.Content.Definitions.ClassDefinition.legacyDisplayName	Assets/_Game/Scripts/Runtime/Content/Definitions/ClassDefinition.cs:22	Assets/_Game/Scripts/Runtime/Content/Definitions/ClassDefinition.cs:27	presentation only; not battle, meta, or persistence truth	keep and preserve the presentation-only label	-
presentation-only	SM.Content.Definitions.ClassDefinition.NameKey	Assets/_Game/Scripts/Runtime/Content/Definitions/ClassDefinition.cs:11	Assets/_Game/Scripts/Runtime/Unity/ContentTextResolver.cs:98	presentation only; not battle, meta, or persistence truth	keep and preserve the presentation-only label	-
presentation-only	SM.Content.Definitions.CleanseProfileDefinition.legacyDescription	Assets/_Game/Scripts/Runtime/Content/Definitions/CleanseProfileDefinition.cs:26	Assets/_Game/Scripts/Runtime/Content/Definitions/CleanseProfileDefinition.cs:29	presentation only; not battle, meta, or persistence truth	keep and preserve the presentation-only label	-
presentation-only	SM.Content.Definitions.CleanseProfileDefinition.legacyDisplayName	Assets/_Game/Scripts/Runtime/Content/Definitions/CleanseProfileDefinition.cs:23	Assets/_Game/Scripts/Runtime/Content/Definitions/CleanseProfileDefinition.cs:28	presentation only; not battle, meta, or persistence truth	keep and preserve the presentation-only label	-
presentation-only	SM.Content.Definitions.ControlDiminishingRuleDefinition.legacyDescription	Assets/_Game/Scripts/Runtime/Content/Definitions/ControlDiminishingRuleDefinition.cs:23	Assets/_Game/Scripts/Runtime/Content/Definitions/ControlDiminishingRuleDefinition.cs:26	presentation only; not battle, meta, or persistence truth	keep and preserve the presentation-only label	-
presentation-only	SM.Content.Definitions.ControlDiminishingRuleDefinition.legacyDisplayName	Assets/_Game/Scripts/Runtime/Content/Definitions/ControlDiminishingRuleDefinition.cs:20	Assets/_Game/Scripts/Runtime/Content/Definitions/ControlDiminishingRuleDefinition.cs:25	presentation only; not battle, meta, or persistence truth	keep and preserve the presentation-only label	-
presentation-only	SM.Content.Definitions.DropTableDefinition.legacyDescription	Assets/_Game/Scripts/Runtime/Content/Definitions/DropTableDefinition.cs:34	Assets/_Game/Scripts/Runtime/Content/Definitions/DropTableDefinition.cs:37	presentation only; not battle, meta, or persistence truth	keep and preserve the presentation-only label	-
presentation-only	SM.Content.Definitions.DropTableDefinition.legacyDisplayName	Assets/_Game/Scripts/Runtime/Content/Definitions/DropTableDefinition.cs:31	Assets/_Game/Scripts/Runtime/Content/Definitions/DropTableDefinition.cs:36	presentation only; not battle, meta, or persistence truth	keep and preserve the presentation-only label	-
presentation-only	SM.Content.Definitions.EncounterDefinition.legacyDescription	Assets/_Game/Scripts/Runtime/Content/Definitions/EncounterDefinition.cs:31	Assets/_Game/Scripts/Runtime/Content/Definitions/EncounterDefinition.cs:34	presentation only; not battle, meta, or persistence truth	keep and preserve the presentation-only label	-
presentation-only	SM.Content.Definitions.EncounterDefinition.legacyDisplayName	Assets/_Game/Scripts/Runtime/Content/Definitions/EncounterDefinition.cs:28	Assets/_Game/Scripts/Runtime/Content/Definitions/EncounterDefinition.cs:33	presentation only; not battle, meta, or persistence truth	keep and preserve the presentation-only label	-
presentation-only	SM.Content.Definitions.EncounterDefinition.NameKey	Assets/_Game/Scripts/Runtime/Content/Definitions/EncounterDefinition.cs:13	Assets/_Game/Scripts/Runtime/Unity/ContentTextResolver.cs:255	presentation only; not battle, meta, or persistence truth	keep and preserve the presentation-only label	-
presentation-only	SM.Content.Definitions.EnemySquadMemberDefinition.legacyDisplayName	Assets/_Game/Scripts/Runtime/Content/Definitions/EnemySquadTemplateDefinition.cs:26	Assets/_Game/Scripts/Runtime/Content/Definitions/EnemySquadTemplateDefinition.cs:28	presentation only; not battle, meta, or persistence truth	keep and preserve the presentation-only label	-
presentation-only	SM.Content.Definitions.EnemySquadMemberDefinition.NameKey	Assets/_Game/Scripts/Runtime/Content/Definitions/EnemySquadTemplateDefinition.cs:13	Assets/_Game/Scripts/Runtime/Unity/ContentConversion/CampaignConverter.cs:139	presentation only; not battle, meta, or persistence truth	keep and preserve the presentation-only label	-
presentation-only	SM.Content.Definitions.EnemySquadTemplateDefinition.legacyDescription	Assets/_Game/Scripts/Runtime/Content/Definitions/EnemySquadTemplateDefinition.cs:48	Assets/_Game/Scripts/Runtime/Content/Definitions/EnemySquadTemplateDefinition.cs:51	presentation only; not battle, meta, or persistence truth	keep and preserve the presentation-only label	-
presentation-only	SM.Content.Definitions.EnemySquadTemplateDefinition.legacyDisplayName	Assets/_Game/Scripts/Runtime/Content/Definitions/EnemySquadTemplateDefinition.cs:45	Assets/_Game/Scripts/Runtime/Content/Definitions/EnemySquadTemplateDefinition.cs:50	presentation only; not battle, meta, or persistence truth	keep and preserve the presentation-only label	-
presentation-only	SM.Content.Definitions.EnemySquadTemplateDefinition.NameKey	Assets/_Game/Scripts/Runtime/Content/Definitions/EnemySquadTemplateDefinition.cs:35	Assets/_Game/Scripts/Runtime/Unity/ContentConversion/CampaignConverter.cs:126	presentation only; not battle, meta, or persistence truth	keep and preserve the presentation-only label	-
presentation-only	SM.Content.Definitions.ExpeditionSiteDefinition.DescriptionKey	Assets/_Game/Scripts/Runtime/Content/Definitions/ExpeditionSiteDefinition.cs:15	Assets/_Game/Scripts/Runtime/Unity/ContentTextResolver.cs:248	presentation only; not battle, meta, or persistence truth	keep and preserve the presentation-only label	-
presentation-only	SM.Content.Definitions.ExpeditionSiteDefinition.legacyDescription	Assets/_Game/Scripts/Runtime/Content/Definitions/ExpeditionSiteDefinition.cs:26	Assets/_Game/Scripts/Runtime/Content/Definitions/ExpeditionSiteDefinition.cs:29	presentation only; not battle, meta, or persistence truth	keep and preserve the presentation-only label	-
presentation-only	SM.Content.Definitions.ExpeditionSiteDefinition.legacyDisplayName	Assets/_Game/Scripts/Runtime/Content/Definitions/ExpeditionSiteDefinition.cs:23	Assets/_Game/Scripts/Runtime/Content/Definitions/ExpeditionSiteDefinition.cs:28	presentation only; not battle, meta, or persistence truth	keep and preserve the presentation-only label	-
presentation-only	SM.Content.Definitions.ExpeditionSiteDefinition.NameKey	Assets/_Game/Scripts/Runtime/Content/Definitions/ExpeditionSiteDefinition.cs:14	Assets/_Game/Scripts/Runtime/Unity/ContentTextResolver.cs:241	presentation only; not battle, meta, or persistence truth	keep and preserve the presentation-only label	-
presentation-only	SM.Content.Definitions.ItemBaseDefinition.IconId	Assets/_Game/Scripts/Runtime/Content/Definitions/ItemBaseDefinition.cs:26	Assets/_Game/Scripts/Runtime/Unity/UI/ContentIconResolver.cs:218	presentation only; not battle, meta, or persistence truth	keep and preserve the presentation-only label	-
presentation-only	SM.Content.Definitions.ItemBaseDefinition.legacyDisplayName	Assets/_Game/Scripts/Runtime/Content/Definitions/ItemBaseDefinition.cs:46	Assets/_Game/Scripts/Runtime/Content/Definitions/ItemBaseDefinition.cs:48	presentation only; not battle, meta, or persistence truth	keep and preserve the presentation-only label	-
presentation-only	SM.Content.Definitions.ItemBaseDefinition.NameKey	Assets/_Game/Scripts/Runtime/Content/Definitions/ItemBaseDefinition.cs:24	Assets/_Game/Scripts/Runtime/Unity/ContentTextResolver.cs:21	presentation only; not battle, meta, or persistence truth	keep and preserve the presentation-only label	-
presentation-only	SM.Content.Definitions.LootBundleDefinition.legacyDescription	Assets/_Game/Scripts/Runtime/Content/Definitions/LootBundleDefinition.cs:21	Assets/_Game/Scripts/Runtime/Content/Definitions/LootBundleDefinition.cs:24	presentation only; not battle, meta, or persistence truth	keep and preserve the presentation-only label	-
presentation-only	SM.Content.Definitions.LootBundleDefinition.legacyDisplayName	Assets/_Game/Scripts/Runtime/Content/Definitions/LootBundleDefinition.cs:18	Assets/_Game/Scripts/Runtime/Content/Definitions/LootBundleDefinition.cs:23	presentation only; not battle, meta, or persistence truth	keep and preserve the presentation-only label	-
presentation-only	SM.Content.Definitions.MobilityDefinition.NameKey	Assets/_Game/Scripts/Runtime/Content/Definitions/MobilityDefinition.cs:13	Assets/_Game/Scripts/Runtime/Unity/ContentConversion/SkillConverter.cs:246	presentation only; not battle, meta, or persistence truth	keep and preserve the presentation-only label	-
presentation-only	SM.Content.Definitions.PassiveBoardDefinition.DescriptionKey	Assets/_Game/Scripts/Runtime/Content/Definitions/PassiveBoardDefinition.cs:13	Assets/_Game/Scripts/Runtime/Unity/ContentTextResolver.cs:166	presentation only; not battle, meta, or persistence truth	keep and preserve the presentation-only label	-
presentation-only	SM.Content.Definitions.PassiveBoardDefinition.legacyDisplayName	Assets/_Game/Scripts/Runtime/Content/Definitions/PassiveBoardDefinition.cs:19	Assets/_Game/Scripts/Runtime/Content/Definitions/PassiveBoardDefinition.cs:21	presentation only; not battle, meta, or persistence truth	keep and preserve the presentation-only label	-
presentation-only	SM.Content.Definitions.PassiveBoardDefinition.NameKey	Assets/_Game/Scripts/Runtime/Content/Definitions/PassiveBoardDefinition.cs:12	Assets/_Game/Scripts/Runtime/Unity/ContentTextResolver.cs:159	presentation only; not battle, meta, or persistence truth	keep and preserve the presentation-only label	-
presentation-only	SM.Content.Definitions.PassiveDefinition.NameKey	Assets/_Game/Scripts/Runtime/Content/Definitions/PassiveDefinition.cs:13	Assets/_Game/Scripts/Runtime/Unity/ContentConversion/SkillConverter.cs:221	presentation only; not battle, meta, or persistence truth	keep and preserve the presentation-only label	-
presentation-only	SM.Content.Definitions.PassiveNodeDefinition.DescriptionKey	Assets/_Game/Scripts/Runtime/Content/Definitions/PassiveNodeDefinition.cs:15	Assets/_Game/Scripts/Runtime/Unity/ContentTextResolver.cs:180	presentation only; not battle, meta, or persistence truth	keep and preserve the presentation-only label	-
presentation-only	SM.Content.Definitions.PassiveNodeDefinition.legacyDescription	Assets/_Game/Scripts/Runtime/Content/Definitions/PassiveNodeDefinition.cs:34	Assets/_Game/Scripts/Runtime/Content/Definitions/PassiveNodeDefinition.cs:37	presentation only; not battle, meta, or persistence truth	keep and preserve the presentation-only label	-
presentation-only	SM.Content.Definitions.PassiveNodeDefinition.legacyDisplayName	Assets/_Game/Scripts/Runtime/Content/Definitions/PassiveNodeDefinition.cs:31	Assets/_Game/Scripts/Runtime/Content/Definitions/PassiveNodeDefinition.cs:36	presentation only; not battle, meta, or persistence truth	keep and preserve the presentation-only label	-
presentation-only	SM.Content.Definitions.PassiveNodeDefinition.NameKey	Assets/_Game/Scripts/Runtime/Content/Definitions/PassiveNodeDefinition.cs:14	Assets/_Game/Scripts/Runtime/Unity/ContentTextResolver.cs:173	presentation only; not battle, meta, or persistence truth	keep and preserve the presentation-only label	-
presentation-only	SM.Content.Definitions.RaceDefinition.legacyDescription	Assets/_Game/Scripts/Runtime/Content/Definitions/RaceDefinition.cs:18	Assets/_Game/Scripts/Runtime/Content/Definitions/RaceDefinition.cs:21	presentation only; not battle, meta, or persistence truth	keep and preserve the presentation-only label	-
presentation-only	SM.Content.Definitions.RaceDefinition.legacyDisplayName	Assets/_Game/Scripts/Runtime/Content/Definitions/RaceDefinition.cs:15	Assets/_Game/Scripts/Runtime/Content/Definitions/RaceDefinition.cs:20	presentation only; not battle, meta, or persistence truth	keep and preserve the presentation-only label	-
presentation-only	SM.Content.Definitions.RaceDefinition.NameKey	Assets/_Game/Scripts/Runtime/Content/Definitions/RaceDefinition.cs:11	Assets/_Game/Scripts/Runtime/Unity/ContentTextResolver.cs:91	presentation only; not battle, meta, or persistence truth	keep and preserve the presentation-only label	-
presentation-only	SM.Content.Definitions.RewardSourceDefinition.legacyDescription	Assets/_Game/Scripts/Runtime/Content/Definitions/RewardSourceDefinition.cs:24	Assets/_Game/Scripts/Runtime/Content/Definitions/RewardSourceDefinition.cs:27	presentation only; not battle, meta, or persistence truth	keep and preserve the presentation-only label	-
presentation-only	SM.Content.Definitions.RewardSourceDefinition.legacyDisplayName	Assets/_Game/Scripts/Runtime/Content/Definitions/RewardSourceDefinition.cs:21	Assets/_Game/Scripts/Runtime/Content/Definitions/RewardSourceDefinition.cs:26	presentation only; not battle, meta, or persistence truth	keep and preserve the presentation-only label	-
presentation-only	SM.Content.Definitions.RewardSourceDefinition.NameKey	Assets/_Game/Scripts/Runtime/Content/Definitions/RewardSourceDefinition.cs:13	Assets/_Game/Scripts/Runtime/Unity/ContentConversion/RewardConverter.cs:16	presentation only; not battle, meta, or persistence truth	keep and preserve the presentation-only label	-
presentation-only	SM.Content.Definitions.RoleInstructionDefinition.legacyDisplayName	Assets/_Game/Scripts/Runtime/Content/Definitions/RoleInstructionDefinition.cs:22	Assets/_Game/Scripts/Runtime/Content/Definitions/RoleInstructionDefinition.cs:24	presentation only; not battle, meta, or persistence truth	keep and preserve the presentation-only label	-
presentation-only	SM.Content.Definitions.RoleInstructionDefinition.NameKey	Assets/_Game/Scripts/Runtime/Content/Definitions/RoleInstructionDefinition.cs:13	Assets/_Game/Scripts/Runtime/Unity/ContentTextResolver.cs:149	presentation only; not battle, meta, or persistence truth	keep and preserve the presentation-only label	-
presentation-only	SM.Content.Definitions.SiteEventChoiceDefinition.LabelKey	Assets/_Game/Scripts/Runtime/Content/Definitions/SiteEventChoiceDefinition.cs:10	Assets/_Game/Scripts/Runtime/Unity/ContentConversion/CampaignConverter.cs:88	presentation only; not battle, meta, or persistence truth	keep and preserve the presentation-only label	-
presentation-only	SM.Content.Definitions.SkillDefinitionAsset.DescriptionKey	Assets/_Game/Scripts/Runtime/Content/Definitions/SkillDefinitionAsset.cs:15	Assets/_Game/Scripts/Runtime/Unity/ContentTextResolver.cs:56	presentation only; not battle, meta, or persistence truth	keep and preserve the presentation-only label	-
presentation-only	SM.Content.Definitions.SkillDefinitionAsset.IconId	Assets/_Game/Scripts/Runtime/Content/Definitions/SkillDefinitionAsset.cs:59	Assets/_Game/Scripts/Runtime/Unity/ContentConversion/SkillConverter.cs:108	presentation only; not battle, meta, or persistence truth	keep and preserve the presentation-only label	-
presentation-only	SM.Content.Definitions.SkillDefinitionAsset.legacyDisplayName	Assets/_Game/Scripts/Runtime/Content/Definitions/SkillDefinitionAsset.cs:87	Assets/_Game/Scripts/Runtime/Content/Definitions/SkillDefinitionAsset.cs:89	presentation only; not battle, meta, or persistence truth	keep and preserve the presentation-only label	-
presentation-only	SM.Content.Definitions.SkillDefinitionAsset.NameKey	Assets/_Game/Scripts/Runtime/Content/Definitions/SkillDefinitionAsset.cs:14	Assets/_Game/Scripts/Runtime/Unity/ContentTextResolver.cs:49	presentation only; not battle, meta, or persistence truth	keep and preserve the presentation-only label	-
presentation-only	SM.Content.Definitions.SkillDefinitionAsset.VfxHookId	Assets/_Game/Scripts/Runtime/Content/Definitions/SkillDefinitionAsset.cs:60	Assets/_Game/Scripts/Runtime/Unity/ContentConversion/SkillConverter.cs:109	presentation only; not battle, meta, or persistence truth	keep and preserve the presentation-only label	-
presentation-only	SM.Content.Definitions.StableTagDefinition.legacyDisplayName	Assets/_Game/Scripts/Runtime/Content/Definitions/StableTagDefinition.cs:14	Assets/_Game/Scripts/Runtime/Content/Definitions/StableTagDefinition.cs:16	presentation only; not battle, meta, or persistence truth	keep and preserve the presentation-only label	-
presentation-only	SM.Content.Definitions.StatusFamilyDefinition.legacyDescription	Assets/_Game/Scripts/Runtime/Content/Definitions/StatusFamilyDefinition.cs:103	Assets/_Game/Scripts/Runtime/Content/Definitions/StatusFamilyDefinition.cs:106	presentation only; not battle, meta, or persistence truth	keep and preserve the presentation-only label	-
presentation-only	SM.Content.Definitions.StatusFamilyDefinition.legacyDisplayName	Assets/_Game/Scripts/Runtime/Content/Definitions/StatusFamilyDefinition.cs:100	Assets/_Game/Scripts/Runtime/Content/Definitions/StatusFamilyDefinition.cs:105	presentation only; not battle, meta, or persistence truth	keep and preserve the presentation-only label	-
presentation-only	SM.Content.Definitions.StatusFamilyDefinition.VfxCueId	Assets/_Game/Scripts/Runtime/Content/Definitions/StatusFamilyDefinition.cs:84	Assets/_Game/Scripts/Runtime/Unity/ContentConversion/StatusConverter.cs:23	presentation only; not battle, meta, or persistence truth	keep and preserve the presentation-only label	-
presentation-only	SM.Content.Definitions.SynergyDefinition.DescriptionKey	Assets/_Game/Scripts/Runtime/Content/Definitions/SynergyDefinition.cs:14	Assets/_Game/Scripts/Runtime/Unity/ContentTextResolver.cs:201	presentation only; not battle, meta, or persistence truth	keep and preserve the presentation-only label	-
presentation-only	SM.Content.Definitions.SynergyDefinition.legacyDisplayName	Assets/_Game/Scripts/Runtime/Content/Definitions/SynergyDefinition.cs:20	Assets/_Game/Scripts/Runtime/Content/Definitions/SynergyDefinition.cs:22	presentation only; not battle, meta, or persistence truth	keep and preserve the presentation-only label	-
presentation-only	SM.Content.Definitions.SynergyDefinition.NameKey	Assets/_Game/Scripts/Runtime/Content/Definitions/SynergyDefinition.cs:13	Assets/_Game/Scripts/Runtime/Unity/ContentTextResolver.cs:194	presentation only; not battle, meta, or persistence truth	keep and preserve the presentation-only label	-
presentation-only	SM.Content.Definitions.SynergyTierDefinition.legacyDescription	Assets/_Game/Scripts/Runtime/Content/Definitions/SynergyTierDefinition.cs:22	Assets/_Game/Scripts/Runtime/Content/Definitions/SynergyTierDefinition.cs:24	presentation only; not battle, meta, or persistence truth	keep and preserve the presentation-only label	-
presentation-only	SM.Content.Definitions.TeamTacticDefinition.legacyDisplayName	Assets/_Game/Scripts/Runtime/Content/Definitions/TeamTacticDefinition.cs:29	Assets/_Game/Scripts/Runtime/Content/Definitions/TeamTacticDefinition.cs:31	presentation only; not battle, meta, or persistence truth	keep and preserve the presentation-only label	-
presentation-only	SM.Content.Definitions.TeamTacticDefinition.NameKey	Assets/_Game/Scripts/Runtime/Content/Definitions/TeamTacticDefinition.cs:13	Assets/_Game/Scripts/Runtime/Unity/ContentTextResolver.cs:187	presentation only; not battle, meta, or persistence truth	keep and preserve the presentation-only label	-
presentation-only	SM.Content.Definitions.TraitEntry.legacyDescription	Assets/_Game/Scripts/Runtime/Content/Definitions/TraitEntry.cs:21	Assets/_Game/Scripts/Runtime/Content/Definitions/TraitEntry.cs:24	presentation only; not battle, meta, or persistence truth	keep and preserve the presentation-only label	-
presentation-only	SM.Content.Definitions.TraitEntry.legacyDisplayName	Assets/_Game/Scripts/Runtime/Content/Definitions/TraitEntry.cs:18	Assets/_Game/Scripts/Runtime/Content/Definitions/TraitEntry.cs:23	presentation only; not battle, meta, or persistence truth	keep and preserve the presentation-only label	-
presentation-only	SM.Content.Definitions.TraitEntry.NameKey	Assets/_Game/Scripts/Runtime/Content/Definitions/TraitEntry.cs:13	Assets/_Game/Scripts/Runtime/Unity/ContentTextResolver.cs:220	presentation only; not battle, meta, or persistence truth	keep and preserve the presentation-only label	-
presentation-only	SM.Content.Definitions.TraitTokenDefinition.legacyDescription	Assets/_Game/Scripts/Runtime/Content/Definitions/TraitTokenDefinition.cs:20	Assets/_Game/Scripts/Runtime/Content/Definitions/TraitTokenDefinition.cs:23	presentation only; not battle, meta, or persistence truth	keep and preserve the presentation-only label	-
presentation-only	SM.Content.Definitions.TraitTokenDefinition.legacyDisplayName	Assets/_Game/Scripts/Runtime/Content/Definitions/TraitTokenDefinition.cs:17	Assets/_Game/Scripts/Runtime/Content/Definitions/TraitTokenDefinition.cs:22	presentation only; not battle, meta, or persistence truth	keep and preserve the presentation-only label	-
presentation-only	SM.Content.Definitions.UnitArchetypeDefinition.legacyDisplayName	Assets/_Game/Scripts/Runtime/Content/Definitions/UnitArchetypeDefinition.cs:89	Assets/_Game/Scripts/Runtime/Content/Definitions/UnitArchetypeDefinition.cs:91	presentation only; not battle, meta, or persistence truth	keep and preserve the presentation-only label	-
presentation-only	SM.Content.Definitions.UnitArchetypeDefinition.NameKey	Assets/_Game/Scripts/Runtime/Content/Definitions/UnitArchetypeDefinition.cs:14	Assets/_Game/Scripts/Runtime/Unity/ContentTextResolver.cs:84	presentation only; not battle, meta, or persistence truth	keep and preserve the presentation-only label	-
presentation-only	SM.Content.DialogueLineDefinition._emotionTextKey	Assets/_Game/Scripts/Runtime/Content/DialogueLineDefinition.cs:13	Assets/_Game/Scripts/Runtime/Content/DialogueLineDefinition.cs:20	presentation only; not battle, meta, or persistence truth	keep and preserve the presentation-only label	-
presentation-only	SM.Content.DialogueLineDefinition._textKey	Assets/_Game/Scripts/Runtime/Content/DialogueLineDefinition.cs:11	Assets/_Game/Scripts/Runtime/Content/DialogueLineDefinition.cs:18	presentation only; not battle, meta, or persistence truth	keep and preserve the presentation-only label	-
presentation-only	SM.Content.HeroLoreDefinition._unresolvedHook	Assets/_Game/Scripts/Runtime/Content/HeroLoreDefinition.cs:15	Assets/_Game/Scripts/Runtime/Content/HeroLoreDefinition.cs:22	presentation only; not battle, meta, or persistence truth	keep and preserve the presentation-only label	-
presentation-only	SM.Meta.Model.ClassLabelMapping.PlayerFacingLabel	Assets/_Game/Scripts/Runtime/Meta/Model/FirstPlayableSliceModels.cs:96	Assets/_Game/Scripts/Runtime/Unity/FirstPlayableSliceDefinitionAsset.cs:93	presentation only; not battle, meta, or persistence truth	keep and preserve the presentation-only label	-
presentation-only	SM.Unity.Sandbox.CombatSandboxBuildOverrideData.DisplayName	Assets/_Game/Scripts/Runtime/Unity/Sandbox/CombatSandboxAuthoringModels.cs:49	Assets/_Game/Scripts/Runtime/Unity/Sandbox/CombatSandboxScenarioCompiler.cs:1301	presentation only; not battle, meta, or persistence truth	keep and preserve the presentation-only label	-
presentation-only	SM.Unity.Sandbox.CombatSandboxBuildOverrideData.Notes	Assets/_Game/Scripts/Runtime/Unity/Sandbox/CombatSandboxAuthoringModels.cs:62	Assets/_Game/Scripts/Runtime/Unity/Sandbox/CombatSandboxScenarioCompiler.cs:1318	presentation only; not battle, meta, or persistence truth	keep and preserve the presentation-only label	-
presentation-only	SM.Unity.Sandbox.CombatSandboxConfig.DisplayName	Assets/_Game/Scripts/Runtime/Unity/Sandbox/CombatSandboxConfig.cs:12	Assets/_Game/Scripts/Runtime/Unity/Sandbox/CombatSandboxScenarioCompiler.cs:69	presentation only; not battle, meta, or persistence truth	keep and preserve the presentation-only label	-
presentation-only	SM.Unity.Sandbox.CombatSandboxEnemySlot.DisplayName	Assets/_Game/Scripts/Runtime/Unity/Sandbox/CombatSandboxSlotTypes.cs:21	Assets/_Game/Scripts/Runtime/Unity/GameSessionState.cs:1377	presentation only; not battle, meta, or persistence truth	keep and preserve the presentation-only label	-
presentation-only	SM.Unity.Sandbox.CombatSandboxExecutionSettings.DisplayName	Assets/_Game/Scripts/Runtime/Unity/Sandbox/CombatSandboxAuthoringModels.cs:95	Assets/_Game/Scripts/Runtime/Unity/Sandbox/CombatSandboxScenarioCompiler.cs:89	presentation only; not battle, meta, or persistence truth	keep and preserve the presentation-only label	-
presentation-only	SM.Unity.Sandbox.CombatSandboxExecutionSettings.Notes	Assets/_Game/Scripts/Runtime/Unity/Sandbox/CombatSandboxAuthoringModels.cs:103	Assets/_Game/Scripts/Runtime/Unity/Sandbox/CombatSandboxScenarioCompiler.cs:1244	presentation only; not battle, meta, or persistence truth	keep and preserve the presentation-only label	-
presentation-only	SM.Unity.Sandbox.CombatSandboxScenarioMetadata.DisplayName	Assets/_Game/Scripts/Runtime/Unity/Sandbox/CombatSandboxAuthoringModels.cs:127	Assets/_Game/Scripts/Runtime/Unity/Sandbox/CombatSandboxScenarioCompiler.cs:67	presentation only; not battle, meta, or persistence truth	keep and preserve the presentation-only label	-
presentation-only	SM.Unity.Sandbox.CombatSandboxTeamDefinition.DisplayName	Assets/_Game/Scripts/Runtime/Unity/Sandbox/CombatSandboxAuthoringModels.cs:110	Assets/_Game/Scripts/Runtime/Unity/Sandbox/CombatSandboxScenarioCompiler.cs:240	presentation only; not battle, meta, or persistence truth	keep and preserve the presentation-only label	-
presentation-only	SM.Unity.Sandbox.CombatSandboxTeamDefinition.Notes	Assets/_Game/Scripts/Runtime/Unity/Sandbox/CombatSandboxAuthoringModels.cs:120	Assets/_Game/Scripts/Runtime/Unity/Sandbox/CombatSandboxScenarioCompiler.cs:1214	presentation only; not battle, meta, or persistence truth	keep and preserve the presentation-only label	-
presentation-only	SM.Unity.Sandbox.CombatSandboxTeamDefinition.ProvenanceLabel	Assets/_Game/Scripts/Runtime/Unity/Sandbox/CombatSandboxAuthoringModels.cs:119	Assets/_Game/Scripts/Runtime/Unity/Sandbox/CombatSandboxScenarioCompiler.cs:1068	presentation only; not battle, meta, or persistence truth	keep and preserve the presentation-only label	-
presentation-only	SM.Unity.Sandbox.CombatSandboxTeamMemberDefinition.DisplayName	Assets/_Game/Scripts/Runtime/Unity/Sandbox/CombatSandboxAuthoringModels.cs:71	Assets/_Game/Scripts/Runtime/Unity/Sandbox/CombatSandboxScenarioCompiler.cs:522	presentation only; not battle, meta, or persistence truth	keep and preserve the presentation-only label	-
presentation-only	SM.Unity.Sandbox.CombatSandboxTeamMemberDefinition.Notes	Assets/_Game/Scripts/Runtime/Unity/Sandbox/CombatSandboxAuthoringModels.cs:80	Assets/_Game/Scripts/Runtime/Unity/Sandbox/CombatSandboxScenarioCompiler.cs:1290	presentation only; not battle, meta, or persistence truth	keep and preserve the presentation-only label	-
live	SM.Combat.Model.SliceCoverageQuota.Kind	Assets/_Game/Scripts/Runtime/Combat/Model/LoopDTelemetryModels.cs:468	Assets/_Game/Scripts/Runtime/Unity/FirstPlayableSliceDefinitionAsset.cs:65	named runtime consumer at Assets/_Game/Scripts/Runtime/Unity/FirstPlayableSliceDefinitionAsset.cs:65	keep and preserve consumer evidence	-
live	SM.Combat.Model.SliceCoverageQuota.MinimumCount	Assets/_Game/Scripts/Runtime/Combat/Model/LoopDTelemetryModels.cs:469	Assets/_Game/Scripts/Runtime/Unity/FirstPlayableSliceDefinitionAsset.cs:66	named runtime consumer at Assets/_Game/Scripts/Runtime/Unity/FirstPlayableSliceDefinitionAsset.cs:66	keep and preserve consumer evidence	-
live	SM.Content.ChapterBeatDefinition._catharsisTarget	Assets/_Game/Scripts/Runtime/Content/ChapterBeatDefinition.cs:17	Assets/_Game/Scripts/Runtime/Content/ChapterBeatDefinition.cs:27	named runtime consumer at Assets/_Game/Scripts/Runtime/Content/ChapterBeatDefinition.cs:27	keep and preserve consumer evidence	-
live	SM.Content.ChapterBeatDefinition._chapterId	Assets/_Game/Scripts/Runtime/Content/ChapterBeatDefinition.cs:10	Assets/_Game/Scripts/Runtime/Content/ChapterBeatDefinition.cs:20	named runtime consumer at Assets/_Game/Scripts/Runtime/Content/ChapterBeatDefinition.cs:20	keep and preserve consumer evidence	-
live	SM.Content.ChapterBeatDefinition._humorTarget	Assets/_Game/Scripts/Runtime/Content/ChapterBeatDefinition.cs:16	Assets/_Game/Scripts/Runtime/Content/ChapterBeatDefinition.cs:26	named runtime consumer at Assets/_Game/Scripts/Runtime/Content/ChapterBeatDefinition.cs:26	keep and preserve consumer evidence	-
live	SM.Content.ChapterBeatDefinition._id	Assets/_Game/Scripts/Runtime/Content/ChapterBeatDefinition.cs:9	Assets/_Game/Scripts/Runtime/Content/ChapterBeatDefinition.cs:19	named runtime consumer at Assets/_Game/Scripts/Runtime/Content/ChapterBeatDefinition.cs:19	keep and preserve consumer evidence	-
live	SM.Content.ChapterBeatDefinition._nodeIndex	Assets/_Game/Scripts/Runtime/Content/ChapterBeatDefinition.cs:12	Assets/_Game/Scripts/Runtime/Content/ChapterBeatDefinition.cs:22	named runtime consumer at Assets/_Game/Scripts/Runtime/Content/ChapterBeatDefinition.cs:22	keep and preserve consumer evidence	-
live	SM.Content.ChapterBeatDefinition._reliefTarget	Assets/_Game/Scripts/Runtime/Content/ChapterBeatDefinition.cs:15	Assets/_Game/Scripts/Runtime/Content/ChapterBeatDefinition.cs:25	named runtime consumer at Assets/_Game/Scripts/Runtime/Content/ChapterBeatDefinition.cs:25	keep and preserve consumer evidence	-
live	SM.Content.ChapterBeatDefinition._siteId	Assets/_Game/Scripts/Runtime/Content/ChapterBeatDefinition.cs:11	Assets/_Game/Scripts/Runtime/Content/ChapterBeatDefinition.cs:21	named runtime consumer at Assets/_Game/Scripts/Runtime/Content/ChapterBeatDefinition.cs:21	keep and preserve consumer evidence	-
live	SM.Content.ChapterBeatDefinition._tensionTarget	Assets/_Game/Scripts/Runtime/Content/ChapterBeatDefinition.cs:14	Assets/_Game/Scripts/Runtime/Content/ChapterBeatDefinition.cs:24	named runtime consumer at Assets/_Game/Scripts/Runtime/Content/ChapterBeatDefinition.cs:24	keep and preserve consumer evidence	-
live	SM.Content.Definitions.AffixDefinition.AllowedSlotTypes	Assets/_Game/Scripts/Runtime/Content/Definitions/AffixDefinition.cs:29	Assets/_Game/Scripts/Runtime/Unity/ContentConversion/CatalogEntryConverter.cs:98	named runtime consumer at Assets/_Game/Scripts/Runtime/Unity/ContentConversion/CatalogEntryConverter.cs:98	keep and preserve consumer evidence	-
live	SM.Content.Definitions.AffixDefinition.BudgetScore	Assets/_Game/Scripts/Runtime/Content/Definitions/AffixDefinition.cs:37	Assets/_Game/Scripts/Runtime/Unity/ContentConversion/CatalogEntryConverter.cs:99	named runtime consumer at Assets/_Game/Scripts/Runtime/Unity/ContentConversion/CatalogEntryConverter.cs:99	keep and preserve consumer evidence	-
live	SM.Content.Definitions.AffixDefinition.Category	Assets/_Game/Scripts/Runtime/Content/Definitions/AffixDefinition.cs:23	Assets/_Game/Scripts/Runtime/Unity/UI/Town/Preview/EquipmentRefitPresenter.cs:196	named runtime consumer at Assets/_Game/Scripts/Runtime/Unity/UI/Town/Preview/EquipmentRefitPresenter.cs:196	keep and preserve consumer evidence	-
live	SM.Content.Definitions.AffixDefinition.CompileTags	Assets/_Game/Scripts/Runtime/Content/Definitions/AffixDefinition.cs:30	Assets/_Game/Scripts/Runtime/Unity/ContentConversion/CatalogEntryConverter.cs:94	named runtime consumer at Assets/_Game/Scripts/Runtime/Unity/ContentConversion/CatalogEntryConverter.cs:94	keep and preserve consumer evidence	-
live	SM.Content.Definitions.AffixDefinition.ExcludedTags	Assets/_Game/Scripts/Runtime/Content/Definitions/AffixDefinition.cs:33	Assets/_Game/Scripts/Runtime/Unity/ContentConversion/CatalogEntryConverter.cs:96	named runtime consumer at Assets/_Game/Scripts/Runtime/Unity/ContentConversion/CatalogEntryConverter.cs:96	keep and preserve consumer evidence	-
live	SM.Content.Definitions.AffixDefinition.ExclusiveGroupId	Assets/_Game/Scripts/Runtime/Content/Definitions/AffixDefinition.cs:36	Assets/_Game/Scripts/Runtime/Unity/ContentConversion/CatalogEntryConverter.cs:103	named runtime consumer at Assets/_Game/Scripts/Runtime/Unity/ContentConversion/CatalogEntryConverter.cs:103	keep and preserve consumer evidence	-
live	SM.Content.Definitions.AffixDefinition.Id	Assets/_Game/Scripts/Runtime/Content/Definitions/AffixDefinition.cs:20	Assets/_Game/Scripts/Runtime/Unity/ContentConversion/CatalogEntryConverter.cs:93	named runtime consumer at Assets/_Game/Scripts/Runtime/Unity/ContentConversion/CatalogEntryConverter.cs:93	keep and preserve consumer evidence	-
live	SM.Content.Definitions.AffixDefinition.ItemLevelMin	Assets/_Game/Scripts/Runtime/Content/Definitions/AffixDefinition.cs:34	Assets/_Game/Scripts/Runtime/Unity/ContentConversion/CatalogEntryConverter.cs:102	named runtime consumer at Assets/_Game/Scripts/Runtime/Unity/ContentConversion/CatalogEntryConverter.cs:102	keep and preserve consumer evidence	-
live	SM.Content.Definitions.AffixDefinition.Modifiers	Assets/_Game/Scripts/Runtime/Content/Definitions/AffixDefinition.cs:42	Assets/_Game/Scripts/Runtime/Unity/ContentConversion/ModifierPackageConverter.cs:35	named runtime consumer at Assets/_Game/Scripts/Runtime/Unity/ContentConversion/ModifierPackageConverter.cs:35	keep and preserve consumer evidence	-
live	SM.Content.Definitions.AffixDefinition.RequiredTags	Assets/_Game/Scripts/Runtime/Content/Definitions/AffixDefinition.cs:32	Assets/_Game/Scripts/Runtime/Unity/ContentConversion/CatalogEntryConverter.cs:95	named runtime consumer at Assets/_Game/Scripts/Runtime/Unity/ContentConversion/CatalogEntryConverter.cs:95	keep and preserve consumer evidence	-
live	SM.Content.Definitions.AffixDefinition.RuleModifierTags	Assets/_Game/Scripts/Runtime/Content/Definitions/AffixDefinition.cs:31	Assets/_Game/Scripts/Runtime/Unity/ContentConversion/CatalogEntryConverter.cs:97	named runtime consumer at Assets/_Game/Scripts/Runtime/Unity/ContentConversion/CatalogEntryConverter.cs:97	keep and preserve consumer evidence	-
live	SM.Content.Definitions.AffixDefinition.SpawnWeight	Assets/_Game/Scripts/Runtime/Content/Definitions/AffixDefinition.cs:35	Assets/_Game/Scripts/Runtime/Unity/ContentConversion/CatalogEntryConverter.cs:100	named runtime consumer at Assets/_Game/Scripts/Runtime/Unity/ContentConversion/CatalogEntryConverter.cs:100	keep and preserve consumer evidence	-
live	SM.Content.Definitions.AffixDefinition.Tier	Assets/_Game/Scripts/Runtime/Content/Definitions/AffixDefinition.cs:24	Assets/_Game/Scripts/Runtime/Unity/ContentConversion/CatalogEntryConverter.cs:101	named runtime consumer at Assets/_Game/Scripts/Runtime/Unity/ContentConversion/CatalogEntryConverter.cs:101	keep and preserve consumer evidence	-
live	SM.Content.Definitions.AffixDefinition.ValueMax	Assets/_Game/Scripts/Runtime/Content/Definitions/AffixDefinition.cs:28	Assets/_Game/Scripts/Runtime/Unity/UI/Town/Preview/EquipmentRefitPresenter.cs:197	named runtime consumer at Assets/_Game/Scripts/Runtime/Unity/UI/Town/Preview/EquipmentRefitPresenter.cs:197	keep and preserve consumer evidence	-
live	SM.Content.Definitions.AffixDefinition.ValueMin	Assets/_Game/Scripts/Runtime/Content/Definitions/AffixDefinition.cs:27	Assets/_Game/Scripts/Runtime/Unity/UI/Town/Preview/EquipmentRefitPresenter.cs:197	named runtime consumer at Assets/_Game/Scripts/Runtime/Unity/UI/Town/Preview/EquipmentRefitPresenter.cs:197	keep and preserve consumer evidence	-
live	SM.Content.Definitions.AugmentDefinition.BudgetCard	Assets/_Game/Scripts/Runtime/Content/Definitions/AugmentDefinition.cs:22	Assets/_Game/Scripts/Runtime/Unity/ContentConversion/CatalogEntryConverter.cs:125	named runtime consumer at Assets/_Game/Scripts/Runtime/Unity/ContentConversion/CatalogEntryConverter.cs:125	keep and preserve consumer evidence	-
live	SM.Content.Definitions.AugmentDefinition.BuildBiasTags	Assets/_Game/Scripts/Runtime/Content/Definitions/AugmentDefinition.cs:32	Assets/_Game/Scripts/Runtime/Unity/ContentConversion/CatalogEntryConverter.cs:129	named runtime consumer at Assets/_Game/Scripts/Runtime/Unity/ContentConversion/CatalogEntryConverter.cs:129	keep and preserve consumer evidence	-
live	SM.Content.Definitions.AugmentDefinition.Category	Assets/_Game/Scripts/Runtime/Content/Definitions/AugmentDefinition.cs:23	Assets/_Game/Scripts/Runtime/Unity/ContentConversion/CatalogEntryConverter.cs:110	named runtime consumer at Assets/_Game/Scripts/Runtime/Unity/ContentConversion/CatalogEntryConverter.cs:110	keep and preserve consumer evidence	-
live	SM.Content.Definitions.AugmentDefinition.FamilyId	Assets/_Game/Scripts/Runtime/Content/Definitions/AugmentDefinition.cs:24	Assets/_Game/Scripts/Runtime/Unity/ContentConversion/CatalogEntryConverter.cs:117	named runtime consumer at Assets/_Game/Scripts/Runtime/Unity/ContentConversion/CatalogEntryConverter.cs:117	keep and preserve consumer evidence	-
live	SM.Content.Definitions.AugmentDefinition.Id	Assets/_Game/Scripts/Runtime/Content/Definitions/AugmentDefinition.cs:16	Assets/_Game/Scripts/Runtime/Unity/ContentConversion/CatalogEntryConverter.cs:109	named runtime consumer at Assets/_Game/Scripts/Runtime/Unity/ContentConversion/CatalogEntryConverter.cs:109	keep and preserve consumer evidence	-
live	SM.Content.Definitions.AugmentDefinition.IsPermanent	Assets/_Game/Scripts/Runtime/Content/Definitions/AugmentDefinition.cs:21	Assets/_Game/Scripts/Runtime/Unity/GameSessionProfileNormalizer.cs:34	named runtime consumer at Assets/_Game/Scripts/Runtime/Unity/GameSessionProfileNormalizer.cs:34	keep and preserve consumer evidence	-
live	SM.Content.Definitions.AugmentDefinition.Modifiers	Assets/_Game/Scripts/Runtime/Content/Definitions/AugmentDefinition.cs:41	Assets/_Game/Scripts/Runtime/Unity/ContentConversion/ModifierPackageConverter.cs:43	named runtime consumer at Assets/_Game/Scripts/Runtime/Unity/ContentConversion/ModifierPackageConverter.cs:43	keep and preserve consumer evidence	-
live	SM.Content.Definitions.AugmentDefinition.MutualExclusionTags	Assets/_Game/Scripts/Runtime/Content/Definitions/AugmentDefinition.cs:34	Assets/_Game/Scripts/Runtime/Unity/ContentConversion/CatalogEntryConverter.cs:122	named runtime consumer at Assets/_Game/Scripts/Runtime/Unity/ContentConversion/CatalogEntryConverter.cs:122	keep and preserve consumer evidence	-
live	SM.Content.Definitions.AugmentDefinition.OfferBucket	Assets/_Game/Scripts/Runtime/Content/Definitions/AugmentDefinition.cs:27	Assets/_Game/Scripts/Runtime/Unity/ContentConversion/CatalogEntryConverter.cs:127	named runtime consumer at Assets/_Game/Scripts/Runtime/Unity/ContentConversion/CatalogEntryConverter.cs:127	keep and preserve consumer evidence	-
live	SM.Content.Definitions.AugmentDefinition.RiskRewardClass	Assets/_Game/Scripts/Runtime/Content/Definitions/AugmentDefinition.cs:28	Assets/_Game/Scripts/Runtime/Unity/ContentConversion/CatalogEntryConverter.cs:128	named runtime consumer at Assets/_Game/Scripts/Runtime/Unity/ContentConversion/CatalogEntryConverter.cs:128	keep and preserve consumer evidence	-
live	SM.Content.Definitions.AugmentDefinition.RuleModifierTags	Assets/_Game/Scripts/Runtime/Content/Definitions/AugmentDefinition.cs:36	Assets/_Game/Scripts/Runtime/Unity/ContentConversion/CatalogEntryConverter.cs:124	named runtime consumer at Assets/_Game/Scripts/Runtime/Unity/ContentConversion/CatalogEntryConverter.cs:124	keep and preserve consumer evidence	-
live	SM.Content.Definitions.AugmentDefinition.SuppressIfPermanentEquipped	Assets/_Game/Scripts/Runtime/Content/Definitions/AugmentDefinition.cs:30	Assets/_Game/Scripts/Runtime/Unity/ContentConversion/CatalogEntryConverter.cs:120	named runtime consumer at Assets/_Game/Scripts/Runtime/Unity/ContentConversion/CatalogEntryConverter.cs:120	keep and preserve consumer evidence	-
live	SM.Content.Definitions.AugmentDefinition.Tags	Assets/_Game/Scripts/Runtime/Content/Definitions/AugmentDefinition.cs:31	Assets/_Game/Scripts/Runtime/Unity/ContentConversion/CatalogEntryConverter.cs:121	named runtime consumer at Assets/_Game/Scripts/Runtime/Unity/ContentConversion/CatalogEntryConverter.cs:121	keep and preserve consumer evidence	-
live	SM.Content.Definitions.AugmentDefinition.Tier	Assets/_Game/Scripts/Runtime/Content/Definitions/AugmentDefinition.cs:25	Assets/_Game/Scripts/Runtime/Unity/ContentConversion/CatalogEntryConverter.cs:118	named runtime consumer at Assets/_Game/Scripts/Runtime/Unity/ContentConversion/CatalogEntryConverter.cs:118	keep and preserve consumer evidence	-
live	SM.Content.Definitions.AugmentDefinition.TriggeredEffects	Assets/_Game/Scripts/Runtime/Content/Definitions/AugmentDefinition.cs:42	Assets/_Game/Scripts/Runtime/Unity/ContentConversion/CatalogEntryConverter.cs:134	named runtime consumer at Assets/_Game/Scripts/Runtime/Unity/ContentConversion/CatalogEntryConverter.cs:134	keep and preserve consumer evidence	-
live	SM.Content.Definitions.BasicAttackDefinition.DamageType	Assets/_Game/Scripts/Runtime/Content/Definitions/BasicAttackDefinition.cs:15	Assets/_Game/Scripts/Runtime/Unity/ContentConversion/SkillConverter.cs:196	named runtime consumer at Assets/_Game/Scripts/Runtime/Unity/ContentConversion/SkillConverter.cs:196	keep and preserve consumer evidence	-
live	SM.Content.Definitions.BasicAttackDefinition.Effects	Assets/_Game/Scripts/Runtime/Content/Definitions/BasicAttackDefinition.cs:20	Assets/_Game/Scripts/Runtime/Unity/ContentConversion/SkillConverter.cs:206	named runtime consumer at Assets/_Game/Scripts/Runtime/Unity/ContentConversion/SkillConverter.cs:206	keep and preserve consumer evidence	-
live	SM.Content.Definitions.BasicAttackDefinition.Id	Assets/_Game/Scripts/Runtime/Content/Definitions/BasicAttackDefinition.cs:13	Assets/_Game/Scripts/Runtime/Unity/ContentConversion/SkillConverter.cs:194	named runtime consumer at Assets/_Game/Scripts/Runtime/Unity/ContentConversion/SkillConverter.cs:194	keep and preserve consumer evidence	-
live	SM.Content.Definitions.BasicAttackDefinition.Lane	Assets/_Game/Scripts/Runtime/Content/Definitions/BasicAttackDefinition.cs:16	Assets/_Game/Scripts/Runtime/Unity/ContentConversion/SkillConverter.cs:204	named runtime consumer at Assets/_Game/Scripts/Runtime/Unity/ContentConversion/SkillConverter.cs:204	keep and preserve consumer evidence	-
live	SM.Content.Definitions.BasicAttackDefinition.LockRule	Assets/_Game/Scripts/Runtime/Content/Definitions/BasicAttackDefinition.cs:17	Assets/_Game/Scripts/Runtime/Unity/ContentConversion/SkillConverter.cs:205	named runtime consumer at Assets/_Game/Scripts/Runtime/Unity/ContentConversion/SkillConverter.cs:205	keep and preserve consumer evidence	-
live	SM.Content.Definitions.BasicAttackDefinition.TargetRule	Assets/_Game/Scripts/Runtime/Content/Definitions/BasicAttackDefinition.cs:19	Assets/_Game/Scripts/Runtime/Unity/ContentConversion/SkillConverter.cs:203	named runtime consumer at Assets/_Game/Scripts/Runtime/Unity/ContentConversion/SkillConverter.cs:203	keep and preserve consumer evidence	-
live	SM.Content.Definitions.BasicAttackDefinition.WeaponHandedness	Assets/_Game/Scripts/Runtime/Content/Definitions/BasicAttackDefinition.cs:18	Assets/_Game/Scripts/Runtime/Unity/ContentConversion/SkillConverter.cs:208	named runtime consumer at Assets/_Game/Scripts/Runtime/Unity/ContentConversion/SkillConverter.cs:208	keep and preserve consumer evidence	-
live	SM.Content.Definitions.BehaviorProfileDefinition.ApproachBuffer	Assets/_Game/Scripts/Runtime/Content/Definitions/BehaviorProfileDefinition.cs:16	Assets/_Game/Scripts/Runtime/Unity/ContentConversion/ArchetypeConverter.cs:214	named runtime consumer at Assets/_Game/Scripts/Runtime/Unity/ContentConversion/ArchetypeConverter.cs:214	keep and preserve consumer evidence	-
live	SM.Content.Definitions.BehaviorProfileDefinition.BlockChance	Assets/_Game/Scripts/Runtime/Content/Definitions/BehaviorProfileDefinition.cs:25	Assets/_Game/Scripts/Runtime/Unity/ContentConversion/ArchetypeConverter.cs:206	named runtime consumer at Assets/_Game/Scripts/Runtime/Unity/ContentConversion/ArchetypeConverter.cs:206	keep and preserve consumer evidence	-
live	SM.Content.Definitions.BehaviorProfileDefinition.BlockCooldownSeconds	Assets/_Game/Scripts/Runtime/Content/Definitions/BehaviorProfileDefinition.cs:28	Assets/_Game/Scripts/Runtime/Unity/ContentConversion/ArchetypeConverter.cs:209	named runtime consumer at Assets/_Game/Scripts/Runtime/Unity/ContentConversion/ArchetypeConverter.cs:209	keep and preserve consumer evidence	-
live	SM.Content.Definitions.BehaviorProfileDefinition.BlockMitigation	Assets/_Game/Scripts/Runtime/Content/Definitions/BehaviorProfileDefinition.cs:26	Assets/_Game/Scripts/Runtime/Unity/ContentConversion/ArchetypeConverter.cs:207	named runtime consumer at Assets/_Game/Scripts/Runtime/Unity/ContentConversion/ArchetypeConverter.cs:207	keep and preserve consumer evidence	-
live	SM.Content.Definitions.BehaviorProfileDefinition.ChaseLeashMeters	Assets/_Game/Scripts/Runtime/Content/Definitions/BehaviorProfileDefinition.cs:18	Assets/_Game/Scripts/Runtime/Unity/ContentConversion/ArchetypeConverter.cs:216	named runtime consumer at Assets/_Game/Scripts/Runtime/Unity/ContentConversion/ArchetypeConverter.cs:216	keep and preserve consumer evidence	-
live	SM.Content.Definitions.BehaviorProfileDefinition.Discipline	Assets/_Game/Scripts/Runtime/Content/Definitions/BehaviorProfileDefinition.cs:23	Assets/_Game/Scripts/Runtime/Unity/ContentConversion/ArchetypeConverter.cs:204	named runtime consumer at Assets/_Game/Scripts/Runtime/Unity/ContentConversion/ArchetypeConverter.cs:204	keep and preserve consumer evidence	-
live	SM.Content.Definitions.BehaviorProfileDefinition.DodgeChance	Assets/_Game/Scripts/Runtime/Content/Definitions/BehaviorProfileDefinition.cs:24	Assets/_Game/Scripts/Runtime/Unity/ContentConversion/ArchetypeConverter.cs:205	named runtime consumer at Assets/_Game/Scripts/Runtime/Unity/ContentConversion/ArchetypeConverter.cs:205	keep and preserve consumer evidence	-
live	SM.Content.Definitions.BehaviorProfileDefinition.FormationLine	Assets/_Game/Scripts/Runtime/Content/Definitions/BehaviorProfileDefinition.cs:10	Assets/_Game/Scripts/Runtime/Unity/ContentConversion/ArchetypeConverter.cs:210	named runtime consumer at Assets/_Game/Scripts/Runtime/Unity/ContentConversion/ArchetypeConverter.cs:210	keep and preserve consumer evidence	-
live	SM.Content.Definitions.BehaviorProfileDefinition.FrontlineGuardRadius	Assets/_Game/Scripts/Runtime/Content/Definitions/BehaviorProfileDefinition.cs:29	Assets/_Game/Scripts/Runtime/Unity/ContentConversion/ArchetypeConverter.cs:218	named runtime consumer at Assets/_Game/Scripts/Runtime/Unity/ContentConversion/ArchetypeConverter.cs:218	keep and preserve consumer evidence	-
live	SM.Content.Definitions.BehaviorProfileDefinition.MaintainRangeBias	Assets/_Game/Scripts/Runtime/Content/Definitions/BehaviorProfileDefinition.cs:21	Assets/_Game/Scripts/Runtime/Unity/ContentConversion/ArchetypeConverter.cs:202	named runtime consumer at Assets/_Game/Scripts/Runtime/Unity/ContentConversion/ArchetypeConverter.cs:202	keep and preserve consumer evidence	-
live	SM.Content.Definitions.BehaviorProfileDefinition.Opportunism	Assets/_Game/Scripts/Runtime/Content/Definitions/BehaviorProfileDefinition.cs:22	Assets/_Game/Scripts/Runtime/Unity/ContentConversion/ArchetypeConverter.cs:203	named runtime consumer at Assets/_Game/Scripts/Runtime/Unity/ContentConversion/ArchetypeConverter.cs:203	keep and preserve consumer evidence	-
live	SM.Content.Definitions.BehaviorProfileDefinition.PreferredRangeMax	Assets/_Game/Scripts/Runtime/Content/Definitions/BehaviorProfileDefinition.cs:15	Assets/_Game/Scripts/Runtime/Unity/ContentConversion/ArchetypeConverter.cs:213	named runtime consumer at Assets/_Game/Scripts/Runtime/Unity/ContentConversion/ArchetypeConverter.cs:213	keep and preserve consumer evidence	-
live	SM.Content.Definitions.BehaviorProfileDefinition.PreferredRangeMin	Assets/_Game/Scripts/Runtime/Content/Definitions/BehaviorProfileDefinition.cs:14	Assets/_Game/Scripts/Runtime/Unity/ContentConversion/ArchetypeConverter.cs:212	named runtime consumer at Assets/_Game/Scripts/Runtime/Unity/ContentConversion/ArchetypeConverter.cs:212	keep and preserve consumer evidence	-
live	SM.Content.Definitions.BehaviorProfileDefinition.RangeDiscipline	Assets/_Game/Scripts/Runtime/Content/Definitions/BehaviorProfileDefinition.cs:11	Assets/_Game/Scripts/Runtime/Unity/ContentConversion/ArchetypeConverter.cs:211	named runtime consumer at Assets/_Game/Scripts/Runtime/Unity/ContentConversion/ArchetypeConverter.cs:211	keep and preserve consumer evidence	-
live	SM.Content.Definitions.BehaviorProfileDefinition.RangeHysteresis	Assets/_Game/Scripts/Runtime/Content/Definitions/BehaviorProfileDefinition.cs:13	Assets/_Game/Scripts/Runtime/Unity/ContentConversion/ArchetypeConverter.cs:200	named runtime consumer at Assets/_Game/Scripts/Runtime/Unity/ContentConversion/ArchetypeConverter.cs:200	keep and preserve consumer evidence	-
live	SM.Content.Definitions.BehaviorProfileDefinition.ReevaluationInterval	Assets/_Game/Scripts/Runtime/Content/Definitions/BehaviorProfileDefinition.cs:12	Assets/_Game/Scripts/Runtime/Unity/ContentConversion/ArchetypeConverter.cs:199	named runtime consumer at Assets/_Game/Scripts/Runtime/Unity/ContentConversion/ArchetypeConverter.cs:199	keep and preserve consumer evidence	-
live	SM.Content.Definitions.BehaviorProfileDefinition.RetreatAtHpPercent	Assets/_Game/Scripts/Runtime/Content/Definitions/BehaviorProfileDefinition.cs:19	Assets/_Game/Scripts/Runtime/Unity/ContentConversion/ArchetypeConverter.cs:217	named runtime consumer at Assets/_Game/Scripts/Runtime/Unity/ContentConversion/ArchetypeConverter.cs:217	keep and preserve consumer evidence	-
live	SM.Content.Definitions.BehaviorProfileDefinition.RetreatBias	Assets/_Game/Scripts/Runtime/Content/Definitions/BehaviorProfileDefinition.cs:20	Assets/_Game/Scripts/Runtime/Unity/ContentConversion/ArchetypeConverter.cs:201	named runtime consumer at Assets/_Game/Scripts/Runtime/Unity/ContentConversion/ArchetypeConverter.cs:201	keep and preserve consumer evidence	-
live	SM.Content.Definitions.BehaviorProfileDefinition.RetreatBuffer	Assets/_Game/Scripts/Runtime/Content/Definitions/BehaviorProfileDefinition.cs:17	Assets/_Game/Scripts/Runtime/Unity/ContentConversion/ArchetypeConverter.cs:215	named runtime consumer at Assets/_Game/Scripts/Runtime/Unity/ContentConversion/ArchetypeConverter.cs:215	keep and preserve consumer evidence	-
live	SM.Content.Definitions.BehaviorProfileDefinition.Stability	Assets/_Game/Scripts/Runtime/Content/Definitions/BehaviorProfileDefinition.cs:27	Assets/_Game/Scripts/Runtime/Unity/ContentConversion/ArchetypeConverter.cs:208	named runtime consumer at Assets/_Game/Scripts/Runtime/Unity/ContentConversion/ArchetypeConverter.cs:208	keep and preserve consumer evidence	-
live	SM.Content.Definitions.BossOverlayDefinition.AppliedStatuses	Assets/_Game/Scripts/Runtime/Content/Definitions/BossOverlayDefinition.cs:20	Assets/_Game/Scripts/Runtime/Unity/ContentConversion/CampaignConverter.cs:172	named runtime consumer at Assets/_Game/Scripts/Runtime/Unity/ContentConversion/CampaignConverter.cs:172	keep and preserve consumer evidence	-
live	SM.Content.Definitions.BossOverlayDefinition.Id	Assets/_Game/Scripts/Runtime/Content/Definitions/BossOverlayDefinition.cs:12	Assets/_Game/Scripts/Runtime/Unity/ContentConversion/CampaignConverter.cs:162	named runtime consumer at Assets/_Game/Scripts/Runtime/Unity/ContentConversion/CampaignConverter.cs:162	keep and preserve consumer evidence	-
live	SM.Content.Definitions.BossOverlayDefinition.PhaseTrigger	Assets/_Game/Scripts/Runtime/Content/Definitions/BossOverlayDefinition.cs:15	Assets/_Game/Scripts/Runtime/Unity/ContentConversion/CampaignConverter.cs:164	named runtime consumer at Assets/_Game/Scripts/Runtime/Unity/ContentConversion/CampaignConverter.cs:164	keep and preserve consumer evidence	-
live	SM.Content.Definitions.BossOverlayDefinition.PressureClockFirstPulseSeconds	Assets/_Game/Scripts/Runtime/Content/Definitions/BossOverlayDefinition.cs:19	Assets/_Game/Scripts/Runtime/Unity/ContentConversion/CampaignConverter.cs:166	named runtime consumer at Assets/_Game/Scripts/Runtime/Unity/ContentConversion/CampaignConverter.cs:166; projected to BossPressureClockSpec and fixed-tick combat service	keep and preserve consumer evidence	-
live	SM.Content.Definitions.BossOverlayDefinition.PressureClockIntervalSeconds	Assets/_Game/Scripts/Runtime/Content/Definitions/BossOverlayDefinition.cs:20	Assets/_Game/Scripts/Runtime/Unity/ContentConversion/CampaignConverter.cs:167	named runtime consumer at Assets/_Game/Scripts/Runtime/Unity/ContentConversion/CampaignConverter.cs:167; projected to BossPressureClockSpec and fixed-tick combat service	keep and preserve consumer evidence	-
live	SM.Content.Definitions.BossOverlayDefinition.PressureClockMaxHealthDamageRatio	Assets/_Game/Scripts/Runtime/Content/Definitions/BossOverlayDefinition.cs:21	Assets/_Game/Scripts/Runtime/Unity/ContentConversion/CampaignConverter.cs:168	named runtime consumer at Assets/_Game/Scripts/Runtime/Unity/ContentConversion/CampaignConverter.cs:168; projected to BossPressureClockSpec and fixed-tick combat service	keep and preserve consumer evidence	-
live	SM.Content.Definitions.BossOverlayDefinition.PressureClockMaxPulses	Assets/_Game/Scripts/Runtime/Content/Definitions/BossOverlayDefinition.cs:22	Assets/_Game/Scripts/Runtime/Unity/ContentConversion/CampaignConverter.cs:169	named runtime consumer at Assets/_Game/Scripts/Runtime/Unity/ContentConversion/CampaignConverter.cs:169; projected to BossPressureClockSpec and fixed-tick combat service	keep and preserve consumer evidence	-
live	SM.Content.Definitions.BossOverlayDefinition.RewardDropTags	Assets/_Game/Scripts/Runtime/Content/Definitions/BossOverlayDefinition.cs:19	Assets/_Game/Scripts/Runtime/Unity/ContentConversion/CampaignConverter.cs:168	named runtime consumer at Assets/_Game/Scripts/Runtime/Unity/ContentConversion/CampaignConverter.cs:168	keep and preserve consumer evidence	-
live	SM.Content.Definitions.BossOverlayDefinition.SignatureAuraTag	Assets/_Game/Scripts/Runtime/Content/Definitions/BossOverlayDefinition.cs:17	Assets/_Game/Scripts/Runtime/Unity/ContentConversion/CampaignConverter.cs:166	named runtime consumer at Assets/_Game/Scripts/Runtime/Unity/ContentConversion/CampaignConverter.cs:166	keep and preserve consumer evidence	-
live	SM.Content.Definitions.BossOverlayDefinition.SignatureUtilityTag	Assets/_Game/Scripts/Runtime/Content/Definitions/BossOverlayDefinition.cs:18	Assets/_Game/Scripts/Runtime/Unity/ContentConversion/CampaignConverter.cs:167	named runtime consumer at Assets/_Game/Scripts/Runtime/Unity/ContentConversion/CampaignConverter.cs:167	keep and preserve consumer evidence	-
live	SM.Content.Definitions.BossOverlayDefinition.ThreatCost	Assets/_Game/Scripts/Runtime/Content/Definitions/BossOverlayDefinition.cs:16	Assets/_Game/Scripts/Runtime/Unity/ContentConversion/CampaignConverter.cs:165	named runtime consumer at Assets/_Game/Scripts/Runtime/Unity/ContentConversion/CampaignConverter.cs:165	keep and preserve consumer evidence	-
live	SM.Content.Definitions.CampaignChapterBalanceSpec.AtkEnvelope	Assets/_Game/Scripts/Runtime/Content/Definitions/CampaignChapterBalanceSpec.cs:11	Assets/_Game/Scripts/Runtime/Unity/ContentConversion/CampaignConverter.cs:27	named runtime consumer at Assets/_Game/Scripts/Runtime/Unity/ContentConversion/CampaignConverter.cs:27	keep and preserve consumer evidence	-
live	SM.Content.Definitions.CampaignChapterBalanceSpec.HpEnvelope	Assets/_Game/Scripts/Runtime/Content/Definitions/CampaignChapterBalanceSpec.cs:10	Assets/_Game/Scripts/Runtime/Unity/ContentConversion/CampaignConverter.cs:26	named runtime consumer at Assets/_Game/Scripts/Runtime/Unity/ContentConversion/CampaignConverter.cs:26	keep and preserve consumer evidence	-
live	SM.Content.Definitions.CampaignChapterBalanceSpec.SiteAtkStep	Assets/_Game/Scripts/Runtime/Content/Definitions/CampaignChapterBalanceSpec.cs:13	Assets/_Game/Scripts/Runtime/Unity/ContentConversion/CampaignConverter.cs:29	named runtime consumer at Assets/_Game/Scripts/Runtime/Unity/ContentConversion/CampaignConverter.cs:29	keep and preserve consumer evidence	-
live	SM.Content.Definitions.CampaignChapterBalanceSpec.SiteHpStep	Assets/_Game/Scripts/Runtime/Content/Definitions/CampaignChapterBalanceSpec.cs:12	Assets/_Game/Scripts/Runtime/Unity/ContentConversion/CampaignConverter.cs:28	named runtime consumer at Assets/_Game/Scripts/Runtime/Unity/ContentConversion/CampaignConverter.cs:28	keep and preserve consumer evidence	-
live	SM.Content.Definitions.CampaignChapterDefinition.Balance	Assets/_Game/Scripts/Runtime/Content/Definitions/CampaignChapterDefinition.cs:17	Assets/_Game/Scripts/Runtime/Unity/ContentConversion/CampaignConverter.cs:26	named runtime consumer at Assets/_Game/Scripts/Runtime/Unity/ContentConversion/CampaignConverter.cs:26	keep and preserve consumer evidence	-
live	SM.Content.Definitions.CampaignChapterDefinition.Id	Assets/_Game/Scripts/Runtime/Content/Definitions/CampaignChapterDefinition.cs:11	Assets/_Game/Scripts/Runtime/Unity/RuntimeCombatContentLookup.cs:215	named runtime consumer at Assets/_Game/Scripts/Runtime/Unity/RuntimeCombatContentLookup.cs:215	keep and preserve consumer evidence	-
live	SM.Content.Definitions.CampaignChapterDefinition.SiteIds	Assets/_Game/Scripts/Runtime/Content/Definitions/CampaignChapterDefinition.cs:15	Assets/_Game/Scripts/Runtime/Unity/ContentConversion/CampaignConverter.cs:20	named runtime consumer at Assets/_Game/Scripts/Runtime/Unity/ContentConversion/CampaignConverter.cs:20	keep and preserve consumer evidence	-
live	SM.Content.Definitions.CampaignChapterDefinition.StoryOrder	Assets/_Game/Scripts/Runtime/Content/Definitions/CampaignChapterDefinition.cs:14	Assets/_Game/Scripts/Runtime/Unity/RuntimeCombatContentLookup.cs:214	named runtime consumer at Assets/_Game/Scripts/Runtime/Unity/RuntimeCombatContentLookup.cs:214	keep and preserve consumer evidence	-
live	SM.Content.Definitions.CampaignChapterDefinition.UnlocksEndlessOnClear	Assets/_Game/Scripts/Runtime/Content/Definitions/CampaignChapterDefinition.cs:16	Assets/_Game/Scripts/Runtime/Unity/ContentConversion/CampaignConverter.cs:24	named runtime consumer at Assets/_Game/Scripts/Runtime/Unity/ContentConversion/CampaignConverter.cs:24	keep and preserve consumer evidence	-
live	SM.Content.Definitions.CharacterDefinition.Class	Assets/_Game/Scripts/Runtime/Content/Definitions/CharacterDefinition.cs:14	Assets/_Game/Scripts/Runtime/Unity/ContentConversion/CatalogEntryConverter.cs:54	named runtime consumer at Assets/_Game/Scripts/Runtime/Unity/ContentConversion/CatalogEntryConverter.cs:54	keep and preserve consumer evidence	-
live	SM.Content.Definitions.CharacterDefinition.DefaultArchetype	Assets/_Game/Scripts/Runtime/Content/Definitions/CharacterDefinition.cs:15	Assets/_Game/Scripts/Runtime/Unity/ContentConversion/CatalogEntryConverter.cs:55	named runtime consumer at Assets/_Game/Scripts/Runtime/Unity/ContentConversion/CatalogEntryConverter.cs:55	keep and preserve consumer evidence	-
live	SM.Content.Definitions.CharacterDefinition.DefaultRoleInstruction	Assets/_Game/Scripts/Runtime/Content/Definitions/CharacterDefinition.cs:16	Assets/_Game/Scripts/Runtime/Unity/ContentConversion/CatalogEntryConverter.cs:56	named runtime consumer at Assets/_Game/Scripts/Runtime/Unity/ContentConversion/CatalogEntryConverter.cs:56	keep and preserve consumer evidence	-
live	SM.Content.Definitions.CharacterDefinition.DominantHand	Assets/_Game/Scripts/Runtime/Content/Definitions/CharacterDefinition.cs:17	Assets/_Game/Scripts/Runtime/Unity/ContentConversion/CatalogEntryConverter.cs:57	named runtime consumer at Assets/_Game/Scripts/Runtime/Unity/ContentConversion/CatalogEntryConverter.cs:57	keep and preserve consumer evidence	-
live	SM.Content.Definitions.CharacterDefinition.Id	Assets/_Game/Scripts/Runtime/Content/Definitions/CharacterDefinition.cs:10	Assets/_Game/Scripts/Runtime/Unity/ContentConversion/CatalogEntryConverter.cs:52	named runtime consumer at Assets/_Game/Scripts/Runtime/Unity/ContentConversion/CatalogEntryConverter.cs:52	keep and preserve consumer evidence	-
live	SM.Content.Definitions.CharacterDefinition.Race	Assets/_Game/Scripts/Runtime/Content/Definitions/CharacterDefinition.cs:13	Assets/_Game/Scripts/Runtime/Unity/ContentConversion/CatalogEntryConverter.cs:53	named runtime consumer at Assets/_Game/Scripts/Runtime/Unity/ContentConversion/CatalogEntryConverter.cs:53	keep and preserve consumer evidence	-
live	SM.Content.Definitions.ClassDefinition.BaseCritChance	Assets/_Game/Scripts/Runtime/Content/Definitions/ClassDefinition.cs:16	Assets/_Game/Scripts/Runtime/Unity/ContentConversion/ContentConversionShared.cs:57	named runtime consumer at Assets/_Game/Scripts/Runtime/Unity/ContentConversion/ContentConversionShared.cs:57	keep and preserve consumer evidence	-
live	SM.Content.Definitions.ClassDefinition.BaseCritMultiplier	Assets/_Game/Scripts/Runtime/Content/Definitions/ClassDefinition.cs:17	Assets/_Game/Scripts/Runtime/Unity/ContentConversion/ContentConversionShared.cs:60	named runtime consumer at Assets/_Game/Scripts/Runtime/Unity/ContentConversion/ContentConversionShared.cs:60	keep and preserve consumer evidence	-
live	SM.Content.Definitions.ClassDefinition.BaselineDamageMultiplierPercent	Assets/_Game/Scripts/Runtime/Content/Definitions/ClassDefinition.cs:15	Assets/_Game/Scripts/Runtime/Unity/ContentConversion/ContentConversionShared.cs:107	named runtime consumer at Assets/_Game/Scripts/Runtime/Unity/ContentConversion/ContentConversionShared.cs:107	keep and preserve consumer evidence	-
live	SM.Content.Definitions.ClassDefinition.CritChanceCap	Assets/_Game/Scripts/Runtime/Content/Definitions/ClassDefinition.cs:18	Assets/_Game/Scripts/Runtime/Unity/ContentConversion/ContentConversionShared.cs:124	named runtime consumer at Assets/_Game/Scripts/Runtime/Unity/ContentConversion/ContentConversionShared.cs:124	keep and preserve consumer evidence	-
live	SM.Content.Definitions.ClassDefinition.CritMultiplierCap	Assets/_Game/Scripts/Runtime/Content/Definitions/ClassDefinition.cs:19	Assets/_Game/Scripts/Runtime/Unity/ContentConversion/ContentConversionShared.cs:130	named runtime consumer at Assets/_Game/Scripts/Runtime/Unity/ContentConversion/ContentConversionShared.cs:130	keep and preserve consumer evidence	-
live	SM.Content.Definitions.ClassDefinition.Id	Assets/_Game/Scripts/Runtime/Content/Definitions/ClassDefinition.cs:10	Assets/_Game/Scripts/Runtime/Unity/LaunchCoreRosterBaselineCatalog.cs:50	named runtime consumer at Assets/_Game/Scripts/Runtime/Unity/LaunchCoreRosterBaselineCatalog.cs:50	keep and preserve consumer evidence	-
live	SM.Content.Definitions.CleanseProfileDefinition.GrantedStatusId	Assets/_Game/Scripts/Runtime/Content/Definitions/CleanseProfileDefinition.cs:20	Assets/_Game/Scripts/Runtime/Unity/ContentConversion/StatusConverter.cs:57	named runtime consumer at Assets/_Game/Scripts/Runtime/Unity/ContentConversion/StatusConverter.cs:57	keep and preserve consumer evidence	-
live	SM.Content.Definitions.CleanseProfileDefinition.GrantedUnstoppableDurationSeconds	Assets/_Game/Scripts/Runtime/Content/Definitions/CleanseProfileDefinition.cs:17	Assets/_Game/Scripts/Runtime/Unity/ContentConversion/StatusConverter.cs:56	named runtime consumer at Assets/_Game/Scripts/Runtime/Unity/ContentConversion/StatusConverter.cs:56	keep and preserve consumer evidence	-
live	SM.Content.Definitions.CleanseProfileDefinition.GrantsUnstoppable	Assets/_Game/Scripts/Runtime/Content/Definitions/CleanseProfileDefinition.cs:16	Assets/_Game/Scripts/Runtime/Unity/ContentConversion/StatusConverter.cs:55	named runtime consumer at Assets/_Game/Scripts/Runtime/Unity/ContentConversion/StatusConverter.cs:55	keep and preserve consumer evidence	-
live	SM.Content.Definitions.CleanseProfileDefinition.Id	Assets/_Game/Scripts/Runtime/Content/Definitions/CleanseProfileDefinition.cs:11	Assets/_Game/Scripts/Runtime/Unity/ContentConversion/ContentDefinitionRegistry.cs:298	named runtime consumer at Assets/_Game/Scripts/Runtime/Unity/ContentConversion/ContentDefinitionRegistry.cs:298	keep and preserve consumer evidence	-
live	SM.Content.Definitions.CleanseProfileDefinition.RemovesOneHardControl	Assets/_Game/Scripts/Runtime/Content/Definitions/CleanseProfileDefinition.cs:15	Assets/_Game/Scripts/Runtime/Unity/ContentConversion/StatusConverter.cs:54	named runtime consumer at Assets/_Game/Scripts/Runtime/Unity/ContentConversion/StatusConverter.cs:54	keep and preserve consumer evidence	-
live	SM.Content.Definitions.CleanseProfileDefinition.RemovesStatusIds	Assets/_Game/Scripts/Runtime/Content/Definitions/CleanseProfileDefinition.cs:14	Assets/_Game/Scripts/Runtime/Unity/ContentConversion/StatusConverter.cs:50	named runtime consumer at Assets/_Game/Scripts/Runtime/Unity/ContentConversion/StatusConverter.cs:50	keep and preserve consumer evidence	-
live	SM.Content.Definitions.ControlDiminishingRuleDefinition.ControlResistMultiplier	Assets/_Game/Scripts/Runtime/Content/Definitions/ControlDiminishingRuleDefinition.cs:14	Assets/_Game/Scripts/Runtime/Unity/ContentConversion/StatusConverter.cs:64	named runtime consumer at Assets/_Game/Scripts/Runtime/Unity/ContentConversion/StatusConverter.cs:64	keep and preserve consumer evidence	-
live	SM.Content.Definitions.ControlDiminishingRuleDefinition.FullTenacityStatusIds	Assets/_Game/Scripts/Runtime/Content/Definitions/ControlDiminishingRuleDefinition.cs:16	Assets/_Game/Scripts/Runtime/Unity/ContentConversion/StatusConverter.cs:66	named runtime consumer at Assets/_Game/Scripts/Runtime/Unity/ContentConversion/StatusConverter.cs:66	keep and preserve consumer evidence	-
live	SM.Content.Definitions.ControlDiminishingRuleDefinition.Id	Assets/_Game/Scripts/Runtime/Content/Definitions/ControlDiminishingRuleDefinition.cs:11	Assets/_Game/Scripts/Runtime/Unity/ContentConversion/ContentDefinitionRegistry.cs:300	named runtime consumer at Assets/_Game/Scripts/Runtime/Unity/ContentConversion/ContentDefinitionRegistry.cs:300	keep and preserve consumer evidence	-
live	SM.Content.Definitions.ControlDiminishingRuleDefinition.PartialTenacityStatusIds	Assets/_Game/Scripts/Runtime/Content/Definitions/ControlDiminishingRuleDefinition.cs:17	Assets/_Game/Scripts/Runtime/Unity/ContentConversion/StatusConverter.cs:70	named runtime consumer at Assets/_Game/Scripts/Runtime/Unity/ContentConversion/StatusConverter.cs:70	keep and preserve consumer evidence	-
live	SM.Content.Definitions.ControlDiminishingRuleDefinition.WindowSeconds	Assets/_Game/Scripts/Runtime/Content/Definitions/ControlDiminishingRuleDefinition.cs:15	Assets/_Game/Scripts/Runtime/Unity/ContentConversion/StatusConverter.cs:65	named runtime consumer at Assets/_Game/Scripts/Runtime/Unity/ContentConversion/StatusConverter.cs:65	keep and preserve consumer evidence	-
live	SM.Content.Definitions.DropTableDefinition.Entries	Assets/_Game/Scripts/Runtime/Content/Definitions/DropTableDefinition.cs:28	Assets/_Game/Scripts/Runtime/Unity/ContentConversion/RewardConverter.cs:30	named runtime consumer at Assets/_Game/Scripts/Runtime/Unity/ContentConversion/RewardConverter.cs:30	keep and preserve consumer evidence	-
live	SM.Content.Definitions.DropTableDefinition.Id	Assets/_Game/Scripts/Runtime/Content/Definitions/DropTableDefinition.cs:24	Assets/_Game/Scripts/Runtime/Unity/ContentConversion/ContentDefinitionRegistry.cs:304	named runtime consumer at Assets/_Game/Scripts/Runtime/Unity/ContentConversion/ContentDefinitionRegistry.cs:304	keep and preserve consumer evidence	-
live	SM.Content.Definitions.DropTableDefinition.RewardSourceId	Assets/_Game/Scripts/Runtime/Content/Definitions/DropTableDefinition.cs:27	Assets/_Game/Scripts/Runtime/Unity/ContentConversion/RewardConverter.cs:29	named runtime consumer at Assets/_Game/Scripts/Runtime/Unity/ContentConversion/RewardConverter.cs:29	keep and preserve consumer evidence	-
live	SM.Content.Definitions.EncounterDefinition.BossOverlayId	Assets/_Game/Scripts/Runtime/Content/Definitions/EncounterDefinition.cs:18	Assets/_Game/Scripts/Runtime/Unity/ContentConversion/CampaignConverter.cs:108	named runtime consumer at Assets/_Game/Scripts/Runtime/Unity/ContentConversion/CampaignConverter.cs:108	keep and preserve consumer evidence	-
live	SM.Content.Definitions.EncounterDefinition.DifficultyBand	Assets/_Game/Scripts/Runtime/Content/Definitions/EncounterDefinition.cs:24	Assets/_Game/Scripts/Runtime/Unity/ContentConversion/CampaignConverter.cs:114	named runtime consumer at Assets/_Game/Scripts/Runtime/Unity/ContentConversion/CampaignConverter.cs:114	keep and preserve consumer evidence	-
live	SM.Content.Definitions.EncounterDefinition.EnemySquadTemplateId	Assets/_Game/Scripts/Runtime/Content/Definitions/EncounterDefinition.cs:17	Assets/_Game/Scripts/Runtime/Unity/ContentConversion/CampaignConverter.cs:107	named runtime consumer at Assets/_Game/Scripts/Runtime/Unity/ContentConversion/CampaignConverter.cs:107	keep and preserve consumer evidence	-
live	SM.Content.Definitions.EncounterDefinition.FactionId	Assets/_Game/Scripts/Runtime/Content/Definitions/EncounterDefinition.cs:20	Assets/_Game/Scripts/Runtime/Unity/ContentConversion/CampaignConverter.cs:110	named runtime consumer at Assets/_Game/Scripts/Runtime/Unity/ContentConversion/CampaignConverter.cs:110	keep and preserve consumer evidence	-
live	SM.Content.Definitions.EncounterDefinition.Id	Assets/_Game/Scripts/Runtime/Content/Definitions/EncounterDefinition.cs:12	Assets/_Game/Scripts/Runtime/Unity/ContentConversion/CampaignConverter.cs:104	named runtime consumer at Assets/_Game/Scripts/Runtime/Unity/ContentConversion/CampaignConverter.cs:104	keep and preserve consumer evidence	-
live	SM.Content.Definitions.EncounterDefinition.Kind	Assets/_Game/Scripts/Runtime/Content/Definitions/EncounterDefinition.cs:15	Assets/_Game/Scripts/Runtime/Unity/ContentConversion/CampaignConverter.cs:115	named runtime consumer at Assets/_Game/Scripts/Runtime/Unity/ContentConversion/CampaignConverter.cs:115	keep and preserve consumer evidence	-
live	SM.Content.Definitions.EncounterDefinition.RewardDropTags	Assets/_Game/Scripts/Runtime/Content/Definitions/EncounterDefinition.cs:25	Assets/_Game/Scripts/Runtime/Unity/ContentConversion/CampaignConverter.cs:116	named runtime consumer at Assets/_Game/Scripts/Runtime/Unity/ContentConversion/CampaignConverter.cs:116	keep and preserve consumer evidence	-
live	SM.Content.Definitions.EncounterDefinition.RewardSourceId	Assets/_Game/Scripts/Runtime/Content/Definitions/EncounterDefinition.cs:19	Assets/_Game/Scripts/Runtime/Unity/ContentConversion/CampaignConverter.cs:109	named runtime consumer at Assets/_Game/Scripts/Runtime/Unity/ContentConversion/CampaignConverter.cs:109	keep and preserve consumer evidence	-
live	SM.Content.Definitions.EncounterDefinition.SiteId	Assets/_Game/Scripts/Runtime/Content/Definitions/EncounterDefinition.cs:16	Assets/_Game/Scripts/Runtime/Unity/ContentConversion/CampaignConverter.cs:106	named runtime consumer at Assets/_Game/Scripts/Runtime/Unity/ContentConversion/CampaignConverter.cs:106	keep and preserve consumer evidence	-
live	SM.Content.Definitions.EncounterDefinition.ThreatCost	Assets/_Game/Scripts/Runtime/Content/Definitions/EncounterDefinition.cs:22	Assets/_Game/Scripts/Runtime/Unity/ContentConversion/CampaignConverter.cs:112	named runtime consumer at Assets/_Game/Scripts/Runtime/Unity/ContentConversion/CampaignConverter.cs:112	keep and preserve consumer evidence	-
live	SM.Content.Definitions.EncounterDefinition.ThreatSkulls	Assets/_Game/Scripts/Runtime/Content/Definitions/EncounterDefinition.cs:23	Assets/_Game/Scripts/Runtime/Unity/ContentConversion/CampaignConverter.cs:113	named runtime consumer at Assets/_Game/Scripts/Runtime/Unity/ContentConversion/CampaignConverter.cs:113	keep and preserve consumer evidence	-
live	SM.Content.Definitions.EncounterDefinition.ThreatTier	Assets/_Game/Scripts/Runtime/Content/Definitions/EncounterDefinition.cs:21	Assets/_Game/Scripts/Runtime/Unity/ContentConversion/CampaignConverter.cs:111	named runtime consumer at Assets/_Game/Scripts/Runtime/Unity/ContentConversion/CampaignConverter.cs:111	keep and preserve consumer evidence	-
live	SM.Content.Definitions.EnemySquadMemberDefinition.Anchor	Assets/_Game/Scripts/Runtime/Content/Definitions/EnemySquadTemplateDefinition.cs:16	Assets/_Game/Scripts/Runtime/Unity/ContentConversion/CampaignConverter.cs:138	named runtime consumer at Assets/_Game/Scripts/Runtime/Unity/ContentConversion/CampaignConverter.cs:138	keep and preserve consumer evidence	-
live	SM.Content.Definitions.EnemySquadMemberDefinition.ArchetypeId	Assets/_Game/Scripts/Runtime/Content/Definitions/EnemySquadTemplateDefinition.cs:14	Assets/_Game/Scripts/Runtime/Unity/ContentConversion/CampaignConverter.cs:136	named runtime consumer at Assets/_Game/Scripts/Runtime/Unity/ContentConversion/CampaignConverter.cs:136	keep and preserve consumer evidence	-
live	SM.Content.Definitions.EnemySquadMemberDefinition.CharacterId	Assets/_Game/Scripts/Runtime/Content/Definitions/EnemySquadTemplateDefinition.cs:15	Assets/_Game/Scripts/Runtime/Unity/ContentConversion/CampaignConverter.cs:139	named runtime consumer at Assets/_Game/Scripts/Runtime/Unity/ContentConversion/CampaignConverter.cs:139	keep and preserve consumer evidence	-
live	SM.Content.Definitions.EnemySquadMemberDefinition.EquipmentAffixIds	Assets/_Game/Scripts/Runtime/Content/Definitions/EnemySquadTemplateDefinition.cs:22	Assets/_Game/Scripts/Runtime/Unity/ContentConversion/CampaignConverter.cs:152	named runtime consumer at Assets/_Game/Scripts/Runtime/Unity/ContentConversion/CampaignConverter.cs:152	keep and preserve consumer evidence	-
live	SM.Content.Definitions.EnemySquadMemberDefinition.EquipmentBudget	Assets/_Game/Scripts/Runtime/Content/Definitions/EnemySquadTemplateDefinition.cs:20	Assets/_Game/Scripts/Runtime/Unity/ContentConversion/CampaignConverter.cs:150	named runtime consumer at Assets/_Game/Scripts/Runtime/Unity/ContentConversion/CampaignConverter.cs:150	keep and preserve consumer evidence	-
live	SM.Content.Definitions.EnemySquadMemberDefinition.EquipmentItemBaseId	Assets/_Game/Scripts/Runtime/Content/Definitions/EnemySquadTemplateDefinition.cs:21	Assets/_Game/Scripts/Runtime/Unity/ContentConversion/CampaignConverter.cs:151	named runtime consumer at Assets/_Game/Scripts/Runtime/Unity/ContentConversion/CampaignConverter.cs:151	keep and preserve consumer evidence	-
live	SM.Content.Definitions.EnemySquadMemberDefinition.Id	Assets/_Game/Scripts/Runtime/Content/Definitions/EnemySquadTemplateDefinition.cs:12	Assets/_Game/Scripts/Runtime/Unity/ContentConversion/CampaignConverter.cs:138	named runtime consumer at Assets/_Game/Scripts/Runtime/Unity/ContentConversion/CampaignConverter.cs:138	keep and preserve consumer evidence	-
live	SM.Content.Definitions.EnemySquadMemberDefinition.NegativeTraitId	Assets/_Game/Scripts/Runtime/Content/Definitions/EnemySquadTemplateDefinition.cs:19	Assets/_Game/Scripts/Runtime/Unity/ContentConversion/CampaignConverter.cs:144	named runtime consumer at Assets/_Game/Scripts/Runtime/Unity/ContentConversion/CampaignConverter.cs:144	keep and preserve consumer evidence	-
live	SM.Content.Definitions.EnemySquadMemberDefinition.PositiveTraitId	Assets/_Game/Scripts/Runtime/Content/Definitions/EnemySquadTemplateDefinition.cs:18	Assets/_Game/Scripts/Runtime/Unity/ContentConversion/CampaignConverter.cs:143	named runtime consumer at Assets/_Game/Scripts/Runtime/Unity/ContentConversion/CampaignConverter.cs:143	keep and preserve consumer evidence	-
live	SM.Content.Definitions.EnemySquadMemberDefinition.Role	Assets/_Game/Scripts/Runtime/Content/Definitions/EnemySquadTemplateDefinition.cs:17	Assets/_Game/Scripts/Runtime/Unity/ContentConversion/CampaignConverter.cs:145	named runtime consumer at Assets/_Game/Scripts/Runtime/Unity/ContentConversion/CampaignConverter.cs:145	keep and preserve consumer evidence	-
live	SM.Content.Definitions.EnemySquadMemberDefinition.RuleModifierTags	Assets/_Game/Scripts/Runtime/Content/Definitions/EnemySquadTemplateDefinition.cs:23	Assets/_Game/Scripts/Runtime/Unity/ContentConversion/CampaignConverter.cs:146	named runtime consumer at Assets/_Game/Scripts/Runtime/Unity/ContentConversion/CampaignConverter.cs:146	keep and preserve consumer evidence	-
live	SM.Content.Definitions.EnemySquadTemplateDefinition.EnemyPosture	Assets/_Game/Scripts/Runtime/Content/Definitions/EnemySquadTemplateDefinition.cs:38	Assets/_Game/Scripts/Runtime/Unity/ContentConversion/CampaignConverter.cs:128	named runtime consumer at Assets/_Game/Scripts/Runtime/Unity/ContentConversion/CampaignConverter.cs:128	keep and preserve consumer evidence	-
live	SM.Content.Definitions.EnemySquadTemplateDefinition.FactionId	Assets/_Game/Scripts/Runtime/Content/Definitions/EnemySquadTemplateDefinition.cs:37	Assets/_Game/Scripts/Runtime/Unity/ContentConversion/CampaignConverter.cs:127	named runtime consumer at Assets/_Game/Scripts/Runtime/Unity/ContentConversion/CampaignConverter.cs:127	keep and preserve consumer evidence	-
live	SM.Content.Definitions.EnemySquadTemplateDefinition.Id	Assets/_Game/Scripts/Runtime/Content/Definitions/EnemySquadTemplateDefinition.cs:34	Assets/_Game/Scripts/Runtime/Unity/ContentConversion/CampaignConverter.cs:125	named runtime consumer at Assets/_Game/Scripts/Runtime/Unity/ContentConversion/CampaignConverter.cs:125	keep and preserve consumer evidence	-
live	SM.Content.Definitions.EnemySquadTemplateDefinition.Members	Assets/_Game/Scripts/Runtime/Content/Definitions/EnemySquadTemplateDefinition.cs:42	Assets/_Game/Scripts/Runtime/Unity/ContentConversion/CampaignConverter.cs:135	named runtime consumer at Assets/_Game/Scripts/Runtime/Unity/ContentConversion/CampaignConverter.cs:135	keep and preserve consumer evidence	-
live	SM.Content.Definitions.EnemySquadTemplateDefinition.RewardDropTags	Assets/_Game/Scripts/Runtime/Content/Definitions/EnemySquadTemplateDefinition.cs:41	Assets/_Game/Scripts/Runtime/Unity/ContentConversion/CampaignConverter.cs:131	named runtime consumer at Assets/_Game/Scripts/Runtime/Unity/ContentConversion/CampaignConverter.cs:131	keep and preserve consumer evidence	-
live	SM.Content.Definitions.EnemySquadTemplateDefinition.ThreatCost	Assets/_Game/Scripts/Runtime/Content/Definitions/EnemySquadTemplateDefinition.cs:40	Assets/_Game/Scripts/Runtime/Unity/ContentConversion/CampaignConverter.cs:130	named runtime consumer at Assets/_Game/Scripts/Runtime/Unity/ContentConversion/CampaignConverter.cs:130	keep and preserve consumer evidence	-
live	SM.Content.Definitions.EnemySquadTemplateDefinition.ThreatTier	Assets/_Game/Scripts/Runtime/Content/Definitions/EnemySquadTemplateDefinition.cs:39	Assets/_Game/Scripts/Runtime/Unity/ContentConversion/CampaignConverter.cs:129	named runtime consumer at Assets/_Game/Scripts/Runtime/Unity/ContentConversion/CampaignConverter.cs:129	keep and preserve consumer evidence	-
live	SM.Content.Definitions.ExpeditionSiteDefinition.ChapterId	Assets/_Game/Scripts/Runtime/Content/Definitions/ExpeditionSiteDefinition.cs:13	Assets/_Game/Scripts/Runtime/Unity/ContentConversion/CampaignConverter.cs:43	named runtime consumer at Assets/_Game/Scripts/Runtime/Unity/ContentConversion/CampaignConverter.cs:43	keep and preserve consumer evidence	-
live	SM.Content.Definitions.ExpeditionSiteDefinition.EncounterIds	Assets/_Game/Scripts/Runtime/Content/Definitions/ExpeditionSiteDefinition.cs:18	Assets/_Game/Scripts/Runtime/Unity/ContentConversion/CampaignConverter.cs:47	named runtime consumer at Assets/_Game/Scripts/Runtime/Unity/ContentConversion/CampaignConverter.cs:47	keep and preserve consumer evidence	-
live	SM.Content.Definitions.ExpeditionSiteDefinition.ExtractRewardSourceId	Assets/_Game/Scripts/Runtime/Content/Definitions/ExpeditionSiteDefinition.cs:19	Assets/_Game/Scripts/Runtime/Unity/ContentConversion/CampaignConverter.cs:51	named runtime consumer at Assets/_Game/Scripts/Runtime/Unity/ContentConversion/CampaignConverter.cs:51	keep and preserve consumer evidence	-
live	SM.Content.Definitions.ExpeditionSiteDefinition.FactionId	Assets/_Game/Scripts/Runtime/Content/Definitions/ExpeditionSiteDefinition.cs:17	Assets/_Game/Scripts/Runtime/Unity/ContentConversion/CampaignConverter.cs:46	named runtime consumer at Assets/_Game/Scripts/Runtime/Unity/ContentConversion/CampaignConverter.cs:46	keep and preserve consumer evidence	-
live	SM.Content.Definitions.ExpeditionSiteDefinition.Id	Assets/_Game/Scripts/Runtime/Content/Definitions/ExpeditionSiteDefinition.cs:12	Assets/_Game/Scripts/Runtime/Unity/ContentConversion/CampaignConverter.cs:42	named runtime consumer at Assets/_Game/Scripts/Runtime/Unity/ContentConversion/CampaignConverter.cs:42	keep and preserve consumer evidence	-
live	SM.Content.Definitions.ExpeditionSiteDefinition.SiteOrder	Assets/_Game/Scripts/Runtime/Content/Definitions/ExpeditionSiteDefinition.cs:16	Assets/_Game/Scripts/Runtime/Unity/ContentConversion/CampaignConverter.cs:45	named runtime consumer at Assets/_Game/Scripts/Runtime/Unity/ContentConversion/CampaignConverter.cs:45	keep and preserve consumer evidence	-
live	SM.Content.Definitions.ExpeditionSiteDefinition.ThreatTier	Assets/_Game/Scripts/Runtime/Content/Definitions/ExpeditionSiteDefinition.cs:20	Assets/_Game/Scripts/Runtime/Unity/ContentConversion/CampaignConverter.cs:52	named runtime consumer at Assets/_Game/Scripts/Runtime/Unity/ContentConversion/CampaignConverter.cs:52	keep and preserve consumer evidence	-
live	SM.Content.Definitions.ExtraActorCharacterDefinition.Id	Assets/_Game/Scripts/Runtime/Content/Definitions/ExtraActorCharacterDefinition.cs:8	Assets/_Game/Scripts/Runtime/Unity/ContentConversion/ContentDefinitionRegistry.cs:245	named runtime consumer at Assets/_Game/Scripts/Runtime/Unity/ContentConversion/ContentDefinitionRegistry.cs:245	keep and preserve consumer evidence	-
live	SM.Content.Definitions.FootprintProfileDefinition.BodySizeCategory	Assets/_Game/Scripts/Runtime/Content/Definitions/FootprintProfileDefinition.cs:17	Assets/_Game/Scripts/Runtime/Unity/ContentConversion/ArchetypeConverter.cs:130	named runtime consumer at Assets/_Game/Scripts/Runtime/Unity/ContentConversion/ArchetypeConverter.cs:130	keep and preserve consumer evidence	-
live	SM.Content.Definitions.FootprintProfileDefinition.CombatReach	Assets/_Game/Scripts/Runtime/Content/Definitions/FootprintProfileDefinition.cs:12	Assets/_Game/Scripts/Runtime/Unity/ContentConversion/ArchetypeConverter.cs:124	named runtime consumer at Assets/_Game/Scripts/Runtime/Unity/ContentConversion/ArchetypeConverter.cs:124	keep and preserve consumer evidence	-
live	SM.Content.Definitions.FootprintProfileDefinition.EngagementSlotCount	Assets/_Game/Scripts/Runtime/Content/Definitions/FootprintProfileDefinition.cs:15	Assets/_Game/Scripts/Runtime/Unity/ContentConversion/ArchetypeConverter.cs:128	named runtime consumer at Assets/_Game/Scripts/Runtime/Unity/ContentConversion/ArchetypeConverter.cs:128	keep and preserve consumer evidence	-
live	SM.Content.Definitions.FootprintProfileDefinition.EngagementSlotRadius	Assets/_Game/Scripts/Runtime/Content/Definitions/FootprintProfileDefinition.cs:16	Assets/_Game/Scripts/Runtime/Unity/ContentConversion/ArchetypeConverter.cs:129	named runtime consumer at Assets/_Game/Scripts/Runtime/Unity/ContentConversion/ArchetypeConverter.cs:129	keep and preserve consumer evidence	-
live	SM.Content.Definitions.FootprintProfileDefinition.HeadAnchorHeight	Assets/_Game/Scripts/Runtime/Content/Definitions/FootprintProfileDefinition.cs:18	Assets/_Game/Scripts/Runtime/Unity/ContentConversion/ArchetypeConverter.cs:131	named runtime consumer at Assets/_Game/Scripts/Runtime/Unity/ContentConversion/ArchetypeConverter.cs:131	keep and preserve consumer evidence	-
live	SM.Content.Definitions.FootprintProfileDefinition.NavigationRadius	Assets/_Game/Scripts/Runtime/Content/Definitions/FootprintProfileDefinition.cs:10	Assets/_Game/Scripts/Runtime/Unity/ContentConversion/ArchetypeConverter.cs:122	named runtime consumer at Assets/_Game/Scripts/Runtime/Unity/ContentConversion/ArchetypeConverter.cs:122	keep and preserve consumer evidence	-
live	SM.Content.Definitions.FootprintProfileDefinition.PreferredRangeMax	Assets/_Game/Scripts/Runtime/Content/Definitions/FootprintProfileDefinition.cs:14	Assets/_Game/Scripts/Runtime/Unity/ContentConversion/ArchetypeConverter.cs:127	named runtime consumer at Assets/_Game/Scripts/Runtime/Unity/ContentConversion/ArchetypeConverter.cs:127	keep and preserve consumer evidence	-
live	SM.Content.Definitions.FootprintProfileDefinition.PreferredRangeMin	Assets/_Game/Scripts/Runtime/Content/Definitions/FootprintProfileDefinition.cs:13	Assets/_Game/Scripts/Runtime/Unity/ContentConversion/ArchetypeConverter.cs:126	named runtime consumer at Assets/_Game/Scripts/Runtime/Unity/ContentConversion/ArchetypeConverter.cs:126	keep and preserve consumer evidence	-
live	SM.Content.Definitions.FootprintProfileDefinition.SeparationRadius	Assets/_Game/Scripts/Runtime/Content/Definitions/FootprintProfileDefinition.cs:11	Assets/_Game/Scripts/Runtime/Unity/ContentConversion/ArchetypeConverter.cs:123	named runtime consumer at Assets/_Game/Scripts/Runtime/Unity/ContentConversion/ArchetypeConverter.cs:123	keep and preserve consumer evidence	-
live	SM.Content.Definitions.ItemBaseDefinition.AllowedClassTags	Assets/_Game/Scripts/Runtime/Content/Definitions/ItemBaseDefinition.cs:39	Assets/_Game/Scripts/Runtime/Unity/ContentConversion/CatalogEntryConverter.cs:85	named runtime consumer at Assets/_Game/Scripts/Runtime/Unity/ContentConversion/CatalogEntryConverter.cs:85	keep and preserve consumer evidence	-
live	SM.Content.Definitions.ItemBaseDefinition.AllowedCraftOperations	Assets/_Game/Scripts/Runtime/Content/Definitions/ItemBaseDefinition.cs:42	Assets/_Game/Scripts/Runtime/Unity/UI/Town/Preview/EquipmentRefitPresenter.cs:302	named runtime consumer at Assets/_Game/Scripts/Runtime/Unity/UI/Town/Preview/EquipmentRefitPresenter.cs:302	keep and preserve consumer evidence	-
live	SM.Content.Definitions.ItemBaseDefinition.BaseModifiers	Assets/_Game/Scripts/Runtime/Content/Definitions/ItemBaseDefinition.cs:43	Assets/_Game/Scripts/Runtime/Unity/ContentConversion/ModifierPackageConverter.cs:27	named runtime consumer at Assets/_Game/Scripts/Runtime/Unity/ContentConversion/ModifierPackageConverter.cs:27	keep and preserve consumer evidence	-
live	SM.Content.Definitions.ItemBaseDefinition.BudgetBand	Assets/_Game/Scripts/Runtime/Content/Definitions/ItemBaseDefinition.cs:34	Assets/_Game/Scripts/Runtime/Unity/UI/Town/Preview/InventoryPresenter.cs:366	named runtime consumer at Assets/_Game/Scripts/Runtime/Unity/UI/Town/Preview/InventoryPresenter.cs:366	keep and preserve consumer evidence	-
live	SM.Content.Definitions.ItemBaseDefinition.CompileTags	Assets/_Game/Scripts/Runtime/Content/Definitions/ItemBaseDefinition.cs:37	Assets/_Game/Scripts/Runtime/Unity/ContentConversion/CatalogEntryConverter.cs:82	named runtime consumer at Assets/_Game/Scripts/Runtime/Unity/ContentConversion/CatalogEntryConverter.cs:82	keep and preserve consumer evidence	-
live	SM.Content.Definitions.ItemBaseDefinition.CraftCategory	Assets/_Game/Scripts/Runtime/Content/Definitions/ItemBaseDefinition.cs:33	Assets/_Game/Scripts/Runtime/Unity/UI/Town/Preview/InventoryPresenter.cs:372	named runtime consumer at Assets/_Game/Scripts/Runtime/Unity/UI/Town/Preview/InventoryPresenter.cs:372	keep and preserve consumer evidence	-
live	SM.Content.Definitions.ItemBaseDefinition.GrantedSkills	Assets/_Game/Scripts/Runtime/Content/Definitions/ItemBaseDefinition.cs:36	Assets/_Game/Scripts/Runtime/Unity/ContentConversion/SnapshotAssembler.cs:130	named runtime consumer at Assets/_Game/Scripts/Runtime/Unity/ContentConversion/SnapshotAssembler.cs:130	keep and preserve consumer evidence	-
live	SM.Content.Definitions.ItemBaseDefinition.Id	Assets/_Game/Scripts/Runtime/Content/Definitions/ItemBaseDefinition.cs:23	Assets/_Game/Scripts/Runtime/Unity/ContentConversion/CatalogEntryConverter.cs:81	named runtime consumer at Assets/_Game/Scripts/Runtime/Unity/ContentConversion/CatalogEntryConverter.cs:81	keep and preserve consumer evidence	-
live	SM.Content.Definitions.ItemBaseDefinition.IdentityKind	Assets/_Game/Scripts/Runtime/Content/Definitions/ItemBaseDefinition.cs:28	Assets/_Game/Scripts/Runtime/Unity/ContentConversion/CatalogEntryConverter.cs:87	named runtime consumer at Assets/_Game/Scripts/Runtime/Unity/ContentConversion/CatalogEntryConverter.cs:87	keep and preserve consumer evidence	-
live	SM.Content.Definitions.ItemBaseDefinition.RarityTier	Assets/_Game/Scripts/Runtime/Content/Definitions/ItemBaseDefinition.cs:31	Assets/_Game/Scripts/Runtime/Unity/ContentConversion/CatalogEntryConverter.cs:86	named runtime consumer at Assets/_Game/Scripts/Runtime/Unity/ContentConversion/CatalogEntryConverter.cs:86	keep and preserve consumer evidence	-
live	SM.Content.Definitions.ItemBaseDefinition.SlotType	Assets/_Game/Scripts/Runtime/Content/Definitions/ItemBaseDefinition.cs:27	Assets/_Game/Scripts/Runtime/Unity/ContentConversion/CatalogEntryConverter.cs:84	named runtime consumer at Assets/_Game/Scripts/Runtime/Unity/ContentConversion/CatalogEntryConverter.cs:84	keep and preserve consumer evidence	-
live	SM.Content.Definitions.ItemBaseDefinition.WeaponFamilyTag	Assets/_Game/Scripts/Runtime/Content/Definitions/ItemBaseDefinition.cs:30	Assets/_Game/Scripts/Runtime/Unity/ContentConversion/CatalogEntryConverter.cs:83	named runtime consumer at Assets/_Game/Scripts/Runtime/Unity/ContentConversion/CatalogEntryConverter.cs:83	keep and preserve consumer evidence	-
live	SM.Content.Definitions.LootBundleDefinition.Entries	Assets/_Game/Scripts/Runtime/Content/Definitions/LootBundleDefinition.cs:15	Assets/_Game/Scripts/Runtime/Unity/ContentConversion/RewardConverter.cs:41	named runtime consumer at Assets/_Game/Scripts/Runtime/Unity/ContentConversion/RewardConverter.cs:41	keep and preserve consumer evidence	-
live	SM.Content.Definitions.LootBundleDefinition.Id	Assets/_Game/Scripts/Runtime/Content/Definitions/LootBundleDefinition.cs:11	Assets/_Game/Scripts/Runtime/Unity/ContentConversion/ContentDefinitionRegistry.cs:306	named runtime consumer at Assets/_Game/Scripts/Runtime/Unity/ContentConversion/ContentDefinitionRegistry.cs:306	keep and preserve consumer evidence	-
live	SM.Content.Definitions.LootBundleDefinition.RewardSourceId	Assets/_Game/Scripts/Runtime/Content/Definitions/LootBundleDefinition.cs:14	Assets/_Game/Scripts/Runtime/Unity/ContentConversion/RewardConverter.cs:40	named runtime consumer at Assets/_Game/Scripts/Runtime/Unity/ContentConversion/RewardConverter.cs:40	keep and preserve consumer evidence	-
live	SM.Content.Definitions.LootBundleEntryDefinition.Amount	Assets/_Game/Scripts/Runtime/Content/Definitions/DropTableDefinition.cs:14	Assets/_Game/Scripts/Runtime/Unity/ContentConversion/RewardConverter.cs:57	named runtime consumer at Assets/_Game/Scripts/Runtime/Unity/ContentConversion/RewardConverter.cs:57	keep and preserve consumer evidence	-
live	SM.Content.Definitions.LootBundleEntryDefinition.Id	Assets/_Game/Scripts/Runtime/Content/Definitions/DropTableDefinition.cs:12	Assets/_Game/Scripts/Runtime/Unity/ContentConversion/RewardConverter.cs:57	named runtime consumer at Assets/_Game/Scripts/Runtime/Unity/ContentConversion/RewardConverter.cs:57	keep and preserve consumer evidence	-
live	SM.Content.Definitions.LootBundleEntryDefinition.IsGuaranteed	Assets/_Game/Scripts/Runtime/Content/Definitions/DropTableDefinition.cs:17	Assets/_Game/Scripts/Runtime/Unity/ContentConversion/RewardConverter.cs:62	named runtime consumer at Assets/_Game/Scripts/Runtime/Unity/ContentConversion/RewardConverter.cs:62	keep and preserve consumer evidence	-
live	SM.Content.Definitions.LootBundleEntryDefinition.RarityBracket	Assets/_Game/Scripts/Runtime/Content/Definitions/DropTableDefinition.cs:15	Assets/_Game/Scripts/Runtime/Unity/ContentConversion/RewardConverter.cs:57	named runtime consumer at Assets/_Game/Scripts/Runtime/Unity/ContentConversion/RewardConverter.cs:57	keep and preserve consumer evidence	-
live	SM.Content.Definitions.LootBundleEntryDefinition.RequiredContextTags	Assets/_Game/Scripts/Runtime/Content/Definitions/DropTableDefinition.cs:18	Assets/_Game/Scripts/Runtime/Unity/ContentConversion/RewardConverter.cs:63	named runtime consumer at Assets/_Game/Scripts/Runtime/Unity/ContentConversion/RewardConverter.cs:63	keep and preserve consumer evidence	-
live	SM.Content.Definitions.LootBundleEntryDefinition.RewardType	Assets/_Game/Scripts/Runtime/Content/Definitions/DropTableDefinition.cs:13	Assets/_Game/Scripts/Runtime/Unity/ContentConversion/RewardConverter.cs:57	named runtime consumer at Assets/_Game/Scripts/Runtime/Unity/ContentConversion/RewardConverter.cs:57	keep and preserve consumer evidence	-
live	SM.Content.Definitions.LootBundleEntryDefinition.Weight	Assets/_Game/Scripts/Runtime/Content/Definitions/DropTableDefinition.cs:16	Assets/_Game/Scripts/Runtime/Unity/ContentConversion/RewardConverter.cs:61	named runtime consumer at Assets/_Game/Scripts/Runtime/Unity/ContentConversion/RewardConverter.cs:61	keep and preserve consumer evidence	-
live	SM.Content.Definitions.MobilityDefinition.ActivationModel	Assets/_Game/Scripts/Runtime/Content/Definitions/MobilityDefinition.cs:16	Assets/_Game/Scripts/Runtime/Unity/ContentConversion/SkillConverter.cs:249	named runtime consumer at Assets/_Game/Scripts/Runtime/Unity/ContentConversion/SkillConverter.cs:249	keep and preserve consumer evidence	-
live	SM.Content.Definitions.MobilityDefinition.BudgetCard	Assets/_Game/Scripts/Runtime/Content/Definitions/MobilityDefinition.cs:15	Assets/_Game/Scripts/Runtime/Unity/ContentConversion/ArchetypeConverter.cs:415	named runtime consumer at Assets/_Game/Scripts/Runtime/Unity/ContentConversion/ArchetypeConverter.cs:415	keep and preserve consumer evidence	-
live	SM.Content.Definitions.MobilityDefinition.Effects	Assets/_Game/Scripts/Runtime/Content/Definitions/MobilityDefinition.cs:21	Assets/_Game/Scripts/Runtime/Unity/ContentConversion/SkillConverter.cs:252	named runtime consumer at Assets/_Game/Scripts/Runtime/Unity/ContentConversion/SkillConverter.cs:252	keep and preserve consumer evidence	-
live	SM.Content.Definitions.MobilityDefinition.Id	Assets/_Game/Scripts/Runtime/Content/Definitions/MobilityDefinition.cs:12	Assets/_Game/Scripts/Runtime/Unity/ContentConversion/SkillConverter.cs:245	named runtime consumer at Assets/_Game/Scripts/Runtime/Unity/ContentConversion/SkillConverter.cs:245	keep and preserve consumer evidence	-
live	SM.Content.Definitions.MobilityDefinition.Lane	Assets/_Game/Scripts/Runtime/Content/Definitions/MobilityDefinition.cs:17	Assets/_Game/Scripts/Runtime/Unity/ContentConversion/SkillConverter.cs:250	named runtime consumer at Assets/_Game/Scripts/Runtime/Unity/ContentConversion/SkillConverter.cs:250	keep and preserve consumer evidence	-
live	SM.Content.Definitions.MobilityDefinition.LockRule	Assets/_Game/Scripts/Runtime/Content/Definitions/MobilityDefinition.cs:18	Assets/_Game/Scripts/Runtime/Unity/ContentConversion/SkillConverter.cs:251	named runtime consumer at Assets/_Game/Scripts/Runtime/Unity/ContentConversion/SkillConverter.cs:251	keep and preserve consumer evidence	-
live	SM.Content.Definitions.MobilityDefinition.Profile	Assets/_Game/Scripts/Runtime/Content/Definitions/MobilityDefinition.cs:20	Assets/_Game/Scripts/Runtime/Unity/ContentConversion/ArchetypeConverter.cs:407	named runtime consumer at Assets/_Game/Scripts/Runtime/Unity/ContentConversion/ArchetypeConverter.cs:407	keep and preserve consumer evidence	-
live	SM.Content.Definitions.MobilityDefinition.TargetRule	Assets/_Game/Scripts/Runtime/Content/Definitions/MobilityDefinition.cs:19	Assets/_Game/Scripts/Runtime/Unity/ContentConversion/SkillConverter.cs:248	named runtime consumer at Assets/_Game/Scripts/Runtime/Unity/ContentConversion/SkillConverter.cs:248	keep and preserve consumer evidence	-
live	SM.Content.Definitions.MobilityProfileDefinition.CastTime	Assets/_Game/Scripts/Runtime/Content/Definitions/MobilityProfileDefinition.cs:14	Assets/_Game/Scripts/Runtime/Unity/ContentConversion/ArchetypeConverter.cs:240	named runtime consumer at Assets/_Game/Scripts/Runtime/Unity/ContentConversion/ArchetypeConverter.cs:240	keep and preserve consumer evidence	-
live	SM.Content.Definitions.MobilityProfileDefinition.Cooldown	Assets/_Game/Scripts/Runtime/Content/Definitions/MobilityProfileDefinition.cs:13	Assets/_Game/Scripts/Runtime/Unity/ContentConversion/ArchetypeConverter.cs:239	named runtime consumer at Assets/_Game/Scripts/Runtime/Unity/ContentConversion/ArchetypeConverter.cs:239	keep and preserve consumer evidence	-
live	SM.Content.Definitions.MobilityProfileDefinition.Distance	Assets/_Game/Scripts/Runtime/Content/Definitions/MobilityProfileDefinition.cs:12	Assets/_Game/Scripts/Runtime/Unity/ContentConversion/ArchetypeConverter.cs:238	named runtime consumer at Assets/_Game/Scripts/Runtime/Unity/ContentConversion/ArchetypeConverter.cs:238	keep and preserve consumer evidence	-
live	SM.Content.Definitions.MobilityProfileDefinition.LateralBias	Assets/_Game/Scripts/Runtime/Content/Definitions/MobilityProfileDefinition.cs:18	Assets/_Game/Scripts/Runtime/Unity/ContentConversion/ArchetypeConverter.cs:244	named runtime consumer at Assets/_Game/Scripts/Runtime/Unity/ContentConversion/ArchetypeConverter.cs:244	keep and preserve consumer evidence	-
live	SM.Content.Definitions.MobilityProfileDefinition.Purpose	Assets/_Game/Scripts/Runtime/Content/Definitions/MobilityProfileDefinition.cs:11	Assets/_Game/Scripts/Runtime/Unity/ContentConversion/ArchetypeConverter.cs:237	named runtime consumer at Assets/_Game/Scripts/Runtime/Unity/ContentConversion/ArchetypeConverter.cs:237	keep and preserve consumer evidence	-
live	SM.Content.Definitions.MobilityProfileDefinition.Recovery	Assets/_Game/Scripts/Runtime/Content/Definitions/MobilityProfileDefinition.cs:15	Assets/_Game/Scripts/Runtime/Unity/ContentConversion/ArchetypeConverter.cs:241	named runtime consumer at Assets/_Game/Scripts/Runtime/Unity/ContentConversion/ArchetypeConverter.cs:241	keep and preserve consumer evidence	-
live	SM.Content.Definitions.MobilityProfileDefinition.Style	Assets/_Game/Scripts/Runtime/Content/Definitions/MobilityProfileDefinition.cs:10	Assets/_Game/Scripts/Runtime/Unity/ContentConversion/ArchetypeConverter.cs:236	named runtime consumer at Assets/_Game/Scripts/Runtime/Unity/ContentConversion/ArchetypeConverter.cs:236	keep and preserve consumer evidence	-
live	SM.Content.Definitions.MobilityProfileDefinition.TriggerMaxDistance	Assets/_Game/Scripts/Runtime/Content/Definitions/MobilityProfileDefinition.cs:17	Assets/_Game/Scripts/Runtime/Unity/ContentConversion/ArchetypeConverter.cs:243	named runtime consumer at Assets/_Game/Scripts/Runtime/Unity/ContentConversion/ArchetypeConverter.cs:243	keep and preserve consumer evidence	-
live	SM.Content.Definitions.MobilityProfileDefinition.TriggerMinDistance	Assets/_Game/Scripts/Runtime/Content/Definitions/MobilityProfileDefinition.cs:16	Assets/_Game/Scripts/Runtime/Unity/ContentConversion/ArchetypeConverter.cs:242	named runtime consumer at Assets/_Game/Scripts/Runtime/Unity/ContentConversion/ArchetypeConverter.cs:242	keep and preserve consumer evidence	-
live	SM.Content.Definitions.PassiveBoardDefinition.Id	Assets/_Game/Scripts/Runtime/Content/Definitions/PassiveBoardDefinition.cs:11	Assets/_Game/Scripts/Runtime/Unity/ContentConversion/ContentDefinitionRegistry.cs:276	named runtime consumer at Assets/_Game/Scripts/Runtime/Unity/ContentConversion/ContentDefinitionRegistry.cs:276	keep and preserve consumer evidence	-
live	SM.Content.Definitions.PassiveBoardDefinition.Nodes	Assets/_Game/Scripts/Runtime/Content/Definitions/PassiveBoardDefinition.cs:16	Assets/_Game/Scripts/Runtime/Unity/UI/Town/Preview/PassiveBoardPresenter.cs:141	named runtime consumer at Assets/_Game/Scripts/Runtime/Unity/UI/Town/Preview/PassiveBoardPresenter.cs:141	keep and preserve consumer evidence	-
live	SM.Content.Definitions.PassiveDefinition.ActivationModel	Assets/_Game/Scripts/Runtime/Content/Definitions/PassiveDefinition.cs:21	Assets/_Game/Scripts/Runtime/Unity/ContentConversion/SkillConverter.cs:223	named runtime consumer at Assets/_Game/Scripts/Runtime/Unity/ContentConversion/SkillConverter.cs:223	keep and preserve consumer evidence	-
live	SM.Content.Definitions.PassiveDefinition.AllowMirroredOwnedSummonKill	Assets/_Game/Scripts/Runtime/Content/Definitions/PassiveDefinition.cs:25	Assets/_Game/Scripts/Runtime/Unity/ContentConversion/SkillConverter.cs:225	named runtime consumer at Assets/_Game/Scripts/Runtime/Unity/ContentConversion/SkillConverter.cs:225	keep and preserve consumer evidence	-
live	SM.Content.Definitions.PassiveDefinition.BudgetCard	Assets/_Game/Scripts/Runtime/Content/Definitions/PassiveDefinition.cs:17	Assets/_Game/Scripts/Runtime/Unity/ContentConversion/SkillConverter.cs:227	named runtime consumer at Assets/_Game/Scripts/Runtime/Unity/ContentConversion/SkillConverter.cs:227	keep and preserve consumer evidence	-
live	SM.Content.Definitions.PassiveDefinition.EffectFamilyId	Assets/_Game/Scripts/Runtime/Content/Definitions/PassiveDefinition.cs:15	Assets/_Game/Scripts/Runtime/Unity/ContentConversion/SkillConverter.cs:226	named runtime consumer at Assets/_Game/Scripts/Runtime/Unity/ContentConversion/SkillConverter.cs:226	keep and preserve consumer evidence	-
live	SM.Content.Definitions.PassiveDefinition.Effects	Assets/_Game/Scripts/Runtime/Content/Definitions/PassiveDefinition.cs:24	Assets/_Game/Scripts/Runtime/Unity/ContentConversion/SkillConverter.cs:224	named runtime consumer at Assets/_Game/Scripts/Runtime/Unity/ContentConversion/SkillConverter.cs:224	keep and preserve consumer evidence	-
live	SM.Content.Definitions.PassiveDefinition.Id	Assets/_Game/Scripts/Runtime/Content/Definitions/PassiveDefinition.cs:12	Assets/_Game/Scripts/Runtime/Unity/LaunchCoreRosterBaselineCatalog.cs:140	named runtime consumer at Assets/_Game/Scripts/Runtime/Unity/LaunchCoreRosterBaselineCatalog.cs:140	keep and preserve consumer evidence	-
live	SM.Content.Definitions.PassiveNodeDefinition.BoardDepth	Assets/_Game/Scripts/Runtime/Content/Definitions/PassiveNodeDefinition.cs:19	Assets/_Game/Scripts/Runtime/Unity/ContentConversion/CatalogEntryConverter.cs:71	named runtime consumer at Assets/_Game/Scripts/Runtime/Unity/ContentConversion/CatalogEntryConverter.cs:71	keep and preserve consumer evidence	-
live	SM.Content.Definitions.PassiveNodeDefinition.BoardId	Assets/_Game/Scripts/Runtime/Content/Definitions/PassiveNodeDefinition.cs:13	Assets/_Game/Scripts/Runtime/Unity/ContentConversion/CatalogEntryConverter.cs:70	named runtime consumer at Assets/_Game/Scripts/Runtime/Unity/ContentConversion/CatalogEntryConverter.cs:70	keep and preserve consumer evidence	-
live	SM.Content.Definitions.PassiveNodeDefinition.CompileTags	Assets/_Game/Scripts/Runtime/Content/Definitions/PassiveNodeDefinition.cs:20	Assets/_Game/Scripts/Runtime/Unity/ContentConversion/CatalogEntryConverter.cs:68	named runtime consumer at Assets/_Game/Scripts/Runtime/Unity/ContentConversion/CatalogEntryConverter.cs:68	keep and preserve consumer evidence	-
live	SM.Content.Definitions.PassiveNodeDefinition.GrantedSkillId	Assets/_Game/Scripts/Runtime/Content/Definitions/PassiveNodeDefinition.cs:25	Assets/_Game/Scripts/Runtime/Unity/ContentConversion/CatalogEntryConverter.cs:75	named runtime consumer at Assets/_Game/Scripts/Runtime/Unity/ContentConversion/CatalogEntryConverter.cs:75	keep and preserve consumer evidence	-
live	SM.Content.Definitions.PassiveNodeDefinition.Id	Assets/_Game/Scripts/Runtime/Content/Definitions/PassiveNodeDefinition.cs:12	Assets/_Game/Scripts/Runtime/Unity/ContentConversion/CatalogEntryConverter.cs:63	named runtime consumer at Assets/_Game/Scripts/Runtime/Unity/ContentConversion/CatalogEntryConverter.cs:63	keep and preserve consumer evidence	-
live	SM.Content.Definitions.PassiveNodeDefinition.legacyIsKeystone	Assets/_Game/Scripts/Runtime/Content/Definitions/PassiveNodeDefinition.cs:28	Assets/_Game/Scripts/Runtime/Content/Definitions/PassiveNodeDefinition.cs:45	named runtime consumer at Assets/_Game/Scripts/Runtime/Content/Definitions/PassiveNodeDefinition.cs:45	keep and preserve consumer evidence	-
live	SM.Content.Definitions.PassiveNodeDefinition.Modifiers	Assets/_Game/Scripts/Runtime/Content/Definitions/PassiveNodeDefinition.cs:22	Assets/_Game/Scripts/Runtime/Unity/ContentConversion/CatalogEntryConverter.cs:67	named runtime consumer at Assets/_Game/Scripts/Runtime/Unity/ContentConversion/CatalogEntryConverter.cs:67	keep and preserve consumer evidence	-
live	SM.Content.Definitions.PassiveNodeDefinition.MutualExclusionTags	Assets/_Game/Scripts/Runtime/Content/Definitions/PassiveNodeDefinition.cs:18	Assets/_Game/Scripts/Runtime/Unity/ContentConversion/CatalogEntryConverter.cs:74	named runtime consumer at Assets/_Game/Scripts/Runtime/Unity/ContentConversion/CatalogEntryConverter.cs:74	keep and preserve consumer evidence	-
live	SM.Content.Definitions.PassiveNodeDefinition.NodeKind	Assets/_Game/Scripts/Runtime/Content/Definitions/PassiveNodeDefinition.cs:16	Assets/_Game/Scripts/Runtime/Content/Definitions/PassiveNodeDefinition.cs:45	named runtime consumer at Assets/_Game/Scripts/Runtime/Content/Definitions/PassiveNodeDefinition.cs:45	keep and preserve consumer evidence	-
live	SM.Content.Definitions.PassiveNodeDefinition.PrerequisiteNodeIds	Assets/_Game/Scripts/Runtime/Content/Definitions/PassiveNodeDefinition.cs:17	Assets/_Game/Scripts/Runtime/Unity/ContentConversion/CatalogEntryConverter.cs:73	named runtime consumer at Assets/_Game/Scripts/Runtime/Unity/ContentConversion/CatalogEntryConverter.cs:73	keep and preserve consumer evidence	-
live	SM.Content.Definitions.PassiveNodeDefinition.RuleModifierTags	Assets/_Game/Scripts/Runtime/Content/Definitions/PassiveNodeDefinition.cs:21	Assets/_Game/Scripts/Runtime/Unity/ContentConversion/CatalogEntryConverter.cs:69	named runtime consumer at Assets/_Game/Scripts/Runtime/Unity/ContentConversion/CatalogEntryConverter.cs:69	keep and preserve consumer evidence	-
live	SM.Content.Definitions.RaceDefinition.Id	Assets/_Game/Scripts/Runtime/Content/Definitions/RaceDefinition.cs:10	Assets/_Game/Scripts/Runtime/Unity/LaunchCoreRosterBaselineCatalog.cs:49	named runtime consumer at Assets/_Game/Scripts/Runtime/Unity/LaunchCoreRosterBaselineCatalog.cs:49	keep and preserve consumer evidence	-
live	SM.Content.Definitions.RecruitBannedPairingDefinition.FlexActiveId	Assets/_Game/Scripts/Runtime/Content/Definitions/RecruitBannedPairingDefinition.cs:9	Assets/_Game/Scripts/Runtime/Unity/ContentConversion/ArchetypeConverter.cs:517	named runtime consumer at Assets/_Game/Scripts/Runtime/Unity/ContentConversion/ArchetypeConverter.cs:517	keep and preserve consumer evidence	-
live	SM.Content.Definitions.RecruitBannedPairingDefinition.FlexPassiveId	Assets/_Game/Scripts/Runtime/Content/Definitions/RecruitBannedPairingDefinition.cs:10	Assets/_Game/Scripts/Runtime/Unity/ContentConversion/ArchetypeConverter.cs:517	named runtime consumer at Assets/_Game/Scripts/Runtime/Unity/ContentConversion/ArchetypeConverter.cs:517	keep and preserve consumer evidence	-
live	SM.Content.Definitions.RewardSourceDefinition.AllowedRarityBrackets	Assets/_Game/Scripts/Runtime/Content/Definitions/RewardSourceDefinition.cs:18	Assets/_Game/Scripts/Runtime/Unity/ContentConversion/RewardConverter.cs:20	named runtime consumer at Assets/_Game/Scripts/Runtime/Unity/ContentConversion/RewardConverter.cs:20	keep and preserve consumer evidence	-
live	SM.Content.Definitions.RewardSourceDefinition.DropTableId	Assets/_Game/Scripts/Runtime/Content/Definitions/RewardSourceDefinition.cs:16	Assets/_Game/Scripts/Runtime/Unity/ContentConversion/RewardConverter.cs:18	named runtime consumer at Assets/_Game/Scripts/Runtime/Unity/ContentConversion/RewardConverter.cs:18	keep and preserve consumer evidence	-
live	SM.Content.Definitions.RewardSourceDefinition.Id	Assets/_Game/Scripts/Runtime/Content/Definitions/RewardSourceDefinition.cs:12	Assets/_Game/Scripts/Runtime/Unity/ContentConversion/ContentDefinitionRegistry.cs:302	named runtime consumer at Assets/_Game/Scripts/Runtime/Unity/ContentConversion/ContentDefinitionRegistry.cs:302	keep and preserve consumer evidence	-
live	SM.Content.Definitions.RewardSourceDefinition.Kind	Assets/_Game/Scripts/Runtime/Content/Definitions/RewardSourceDefinition.cs:15	Assets/_Game/Scripts/Runtime/Unity/ContentConversion/RewardConverter.cs:17	named runtime consumer at Assets/_Game/Scripts/Runtime/Unity/ContentConversion/RewardConverter.cs:17	keep and preserve consumer evidence	-
live	SM.Content.Definitions.RewardSourceDefinition.UsesRewardCards	Assets/_Game/Scripts/Runtime/Content/Definitions/RewardSourceDefinition.cs:17	Assets/_Game/Scripts/Runtime/Unity/ContentConversion/RewardConverter.cs:19	named runtime consumer at Assets/_Game/Scripts/Runtime/Unity/ContentConversion/RewardConverter.cs:19	keep and preserve consumer evidence	-
live	SM.Content.Definitions.RoleInstructionDefinition.Anchor	Assets/_Game/Scripts/Runtime/Content/Definitions/RoleInstructionDefinition.cs:14	Assets/_Game/Scripts/Runtime/Unity/ContentConversion/CatalogEntryConverter.cs:42	named runtime consumer at Assets/_Game/Scripts/Runtime/Unity/ContentConversion/CatalogEntryConverter.cs:42	keep and preserve consumer evidence	-
live	SM.Content.Definitions.RoleInstructionDefinition.BacklinePressureBias	Assets/_Game/Scripts/Runtime/Content/Definitions/RoleInstructionDefinition.cs:17	Assets/_Game/Scripts/Runtime/Unity/ContentConversion/CatalogEntryConverter.cs:45	named runtime consumer at Assets/_Game/Scripts/Runtime/Unity/ContentConversion/CatalogEntryConverter.cs:45	keep and preserve consumer evidence	-
live	SM.Content.Definitions.RoleInstructionDefinition.Id	Assets/_Game/Scripts/Runtime/Content/Definitions/RoleInstructionDefinition.cs:12	Assets/_Game/Scripts/Runtime/Unity/ContentConversion/CatalogEntryConverter.cs:40	named runtime consumer at Assets/_Game/Scripts/Runtime/Unity/ContentConversion/CatalogEntryConverter.cs:40	keep and preserve consumer evidence	-
live	SM.Content.Definitions.RoleInstructionDefinition.ProtectCarryBias	Assets/_Game/Scripts/Runtime/Content/Definitions/RoleInstructionDefinition.cs:16	Assets/_Game/Scripts/Runtime/Unity/ContentConversion/CatalogEntryConverter.cs:44	named runtime consumer at Assets/_Game/Scripts/Runtime/Unity/ContentConversion/CatalogEntryConverter.cs:44	keep and preserve consumer evidence	-
live	SM.Content.Definitions.RoleInstructionDefinition.RetreatBias	Assets/_Game/Scripts/Runtime/Content/Definitions/RoleInstructionDefinition.cs:18	Assets/_Game/Scripts/Runtime/Unity/ContentConversion/CatalogEntryConverter.cs:46	named runtime consumer at Assets/_Game/Scripts/Runtime/Unity/ContentConversion/CatalogEntryConverter.cs:46	keep and preserve consumer evidence	-
live	SM.Content.Definitions.RoleInstructionDefinition.RoleTag	Assets/_Game/Scripts/Runtime/Content/Definitions/RoleInstructionDefinition.cs:15	Assets/_Game/Scripts/Runtime/Unity/ContentTextResolver.cs:148	named runtime consumer at Assets/_Game/Scripts/Runtime/Unity/ContentTextResolver.cs:148	keep and preserve consumer evidence	-
live	SM.Content.Definitions.SerializableStatModifier.Op	Assets/_Game/Scripts/Runtime/Content/Definitions/SerializableStatModifier.cs:11	Assets/_Game/Scripts/Runtime/Unity/ContentConversion/ContentConversionShared.cs:38	named runtime consumer at Assets/_Game/Scripts/Runtime/Unity/ContentConversion/ContentConversionShared.cs:38	keep and preserve consumer evidence	-
live	SM.Content.Definitions.SerializableStatModifier.StatId	Assets/_Game/Scripts/Runtime/Content/Definitions/SerializableStatModifier.cs:10	Assets/_Game/Scripts/Runtime/Unity/ContentConversion/ContentConversionShared.cs:37	named runtime consumer at Assets/_Game/Scripts/Runtime/Unity/ContentConversion/ContentConversionShared.cs:37	keep and preserve consumer evidence	-
live	SM.Content.Definitions.SerializableStatModifier.Value	Assets/_Game/Scripts/Runtime/Content/Definitions/SerializableStatModifier.cs:12	Assets/_Game/Scripts/Runtime/Unity/ContentConversion/ContentConversionShared.cs:39	named runtime consumer at Assets/_Game/Scripts/Runtime/Unity/ContentConversion/ContentConversionShared.cs:39	keep and preserve consumer evidence	-
live	SM.Content.Definitions.SiteEventChoiceDefinition.Id	Assets/_Game/Scripts/Runtime/Content/Definitions/SiteEventChoiceDefinition.cs:9	Assets/_Game/Scripts/Runtime/Unity/ContentConversion/CampaignConverter.cs:85	named runtime consumer at Assets/_Game/Scripts/Runtime/Unity/ContentConversion/CampaignConverter.cs:85	keep and preserve consumer evidence	-
live	SM.Content.Definitions.SiteEventChoiceDefinition.Outcomes	Assets/_Game/Scripts/Runtime/Content/Definitions/SiteEventChoiceDefinition.cs:11	Assets/_Game/Scripts/Runtime/Unity/ContentConversion/CampaignConverter.cs:89	named runtime consumer at Assets/_Game/Scripts/Runtime/Unity/ContentConversion/CampaignConverter.cs:89	keep and preserve consumer evidence	-
live	SM.Content.Definitions.SiteEventDefinition.Choices	Assets/_Game/Scripts/Runtime/Content/Definitions/SiteEventDefinition.cs:12	Assets/_Game/Scripts/Runtime/Unity/ContentConversion/CampaignConverter.cs:84	named runtime consumer at Assets/_Game/Scripts/Runtime/Unity/ContentConversion/CampaignConverter.cs:84	keep and preserve consumer evidence	-
live	SM.Content.Definitions.SiteEventDefinition.Id	Assets/_Game/Scripts/Runtime/Content/Definitions/SiteEventDefinition.cs:9	Assets/_Game/Scripts/Runtime/Unity/ContentConversion/CampaignConverter.cs:81	named runtime consumer at Assets/_Game/Scripts/Runtime/Unity/ContentConversion/CampaignConverter.cs:81	keep and preserve consumer evidence	-
live	SM.Content.Definitions.SiteEventDefinition.SetupKey	Assets/_Game/Scripts/Runtime/Content/Definitions/SiteEventDefinition.cs:11	Assets/_Game/Scripts/Runtime/Unity/ContentConversion/CampaignConverter.cs:83	named runtime consumer at Assets/_Game/Scripts/Runtime/Unity/ContentConversion/CampaignConverter.cs:83	keep and preserve consumer evidence	-
live	SM.Content.Definitions.SiteEventDefinition.SiteId	Assets/_Game/Scripts/Runtime/Content/Definitions/SiteEventDefinition.cs:10	Assets/_Game/Scripts/Runtime/Unity/ContentConversion/CampaignConverter.cs:82	named runtime consumer at Assets/_Game/Scripts/Runtime/Unity/ContentConversion/CampaignConverter.cs:82	keep and preserve consumer evidence	-
live	SM.Content.Definitions.SiteEventOutcomeDefinition.Amount	Assets/_Game/Scripts/Runtime/Content/Definitions/SiteEventOutcomeDefinition.cs:12	Assets/_Game/Scripts/Runtime/Unity/ContentConversion/CampaignConverter.cs:95	named runtime consumer at Assets/_Game/Scripts/Runtime/Unity/ContentConversion/CampaignConverter.cs:95	keep and preserve consumer evidence	-
live	SM.Content.Definitions.SiteEventOutcomeDefinition.AuxiliaryId	Assets/_Game/Scripts/Runtime/Content/Definitions/SiteEventOutcomeDefinition.cs:11	Assets/_Game/Scripts/Runtime/Unity/ContentConversion/CampaignConverter.cs:94	named runtime consumer at Assets/_Game/Scripts/Runtime/Unity/ContentConversion/CampaignConverter.cs:94	keep and preserve consumer evidence	-
live	SM.Content.Definitions.SiteEventOutcomeDefinition.Kind	Assets/_Game/Scripts/Runtime/Content/Definitions/SiteEventOutcomeDefinition.cs:9	Assets/_Game/Scripts/Runtime/Unity/ContentConversion/CampaignConverter.cs:92	named runtime consumer at Assets/_Game/Scripts/Runtime/Unity/ContentConversion/CampaignConverter.cs:92	keep and preserve consumer evidence	-
live	SM.Content.Definitions.SiteEventOutcomeDefinition.PayloadId	Assets/_Game/Scripts/Runtime/Content/Definitions/SiteEventOutcomeDefinition.cs:10	Assets/_Game/Scripts/Runtime/Unity/ContentConversion/CampaignConverter.cs:93	named runtime consumer at Assets/_Game/Scripts/Runtime/Unity/ContentConversion/CampaignConverter.cs:93	keep and preserve consumer evidence	-
live	SM.Content.Definitions.SiteEventOutcomeDefinition.TargetRule	Assets/_Game/Scripts/Runtime/Content/Definitions/SiteEventOutcomeDefinition.cs:13	Assets/_Game/Scripts/Runtime/Unity/ContentConversion/CampaignConverter.cs:96	named runtime consumer at Assets/_Game/Scripts/Runtime/Unity/ContentConversion/CampaignConverter.cs:96	keep and preserve consumer evidence	-
live	SM.Content.Definitions.SiteGraphDefinition.Id	Assets/_Game/Scripts/Runtime/Content/Definitions/SiteGraphDefinition.cs:12	Assets/_Game/Scripts/Runtime/Unity/ContentConversion/CampaignConverter.cs:59	named runtime consumer at Assets/_Game/Scripts/Runtime/Unity/ContentConversion/CampaignConverter.cs:59	keep and preserve consumer evidence	-
live	SM.Content.Definitions.SiteGraphDefinition.Nodes	Assets/_Game/Scripts/Runtime/Content/Definitions/SiteGraphDefinition.cs:14	Assets/_Game/Scripts/Runtime/Unity/ContentConversion/CampaignConverter.cs:61	named runtime consumer at Assets/_Game/Scripts/Runtime/Unity/ContentConversion/CampaignConverter.cs:61	keep and preserve consumer evidence	-
live	SM.Content.Definitions.SiteGraphDefinition.SiteId	Assets/_Game/Scripts/Runtime/Content/Definitions/SiteGraphDefinition.cs:13	Assets/_Game/Scripts/Runtime/Unity/ContentConversion/CampaignConverter.cs:60	named runtime consumer at Assets/_Game/Scripts/Runtime/Unity/ContentConversion/CampaignConverter.cs:60	keep and preserve consumer evidence	-
live	SM.Content.Definitions.SiteGraphNodeDefinition.EchoIncome	Assets/_Game/Scripts/Runtime/Content/Definitions/SiteGraphNodeDefinition.cs:17	Assets/_Game/Scripts/Runtime/Unity/ContentConversion/CampaignConverter.cs:73	named runtime consumer at Assets/_Game/Scripts/Runtime/Unity/ContentConversion/CampaignConverter.cs:73	keep and preserve consumer evidence	-
live	SM.Content.Definitions.SiteGraphNodeDefinition.EncounterId	Assets/_Game/Scripts/Runtime/Content/Definitions/SiteGraphNodeDefinition.cs:14	Assets/_Game/Scripts/Runtime/Unity/ContentConversion/CampaignConverter.cs:68	named runtime consumer at Assets/_Game/Scripts/Runtime/Unity/ContentConversion/CampaignConverter.cs:68	keep and preserve consumer evidence	-
live	SM.Content.Definitions.SiteGraphNodeDefinition.EventId	Assets/_Game/Scripts/Runtime/Content/Definitions/SiteGraphNodeDefinition.cs:15	Assets/_Game/Scripts/Runtime/Unity/ContentConversion/CampaignConverter.cs:69	named runtime consumer at Assets/_Game/Scripts/Runtime/Unity/ContentConversion/CampaignConverter.cs:69	keep and preserve consumer evidence	-
live	SM.Content.Definitions.SiteGraphNodeDefinition.Kind	Assets/_Game/Scripts/Runtime/Content/Definitions/SiteGraphNodeDefinition.cs:12	Assets/_Game/Scripts/Runtime/Unity/ContentConversion/CampaignConverter.cs:66	named runtime consumer at Assets/_Game/Scripts/Runtime/Unity/ContentConversion/CampaignConverter.cs:66	keep and preserve consumer evidence	-
live	SM.Content.Definitions.SiteGraphNodeDefinition.LaneTag	Assets/_Game/Scripts/Runtime/Content/Definitions/SiteGraphNodeDefinition.cs:13	Assets/_Game/Scripts/Runtime/Unity/ContentConversion/CampaignConverter.cs:67	named runtime consumer at Assets/_Game/Scripts/Runtime/Unity/ContentConversion/CampaignConverter.cs:67	keep and preserve consumer evidence	-
live	SM.Content.Definitions.SiteGraphNodeDefinition.NextNodeIds	Assets/_Game/Scripts/Runtime/Content/Definitions/SiteGraphNodeDefinition.cs:16	Assets/_Game/Scripts/Runtime/Unity/ContentConversion/CampaignConverter.cs:70	named runtime consumer at Assets/_Game/Scripts/Runtime/Unity/ContentConversion/CampaignConverter.cs:70	keep and preserve consumer evidence	-
live	SM.Content.Definitions.SiteGraphNodeDefinition.NodeId	Assets/_Game/Scripts/Runtime/Content/Definitions/SiteGraphNodeDefinition.cs:10	Assets/_Game/Scripts/Runtime/Unity/ContentConversion/CampaignConverter.cs:64	named runtime consumer at Assets/_Game/Scripts/Runtime/Unity/ContentConversion/CampaignConverter.cs:64	keep and preserve consumer evidence	-
live	SM.Content.Definitions.SiteGraphNodeDefinition.Rank	Assets/_Game/Scripts/Runtime/Content/Definitions/SiteGraphNodeDefinition.cs:11	Assets/_Game/Scripts/Runtime/Unity/ContentConversion/CampaignConverter.cs:65	named runtime consumer at Assets/_Game/Scripts/Runtime/Unity/ContentConversion/CampaignConverter.cs:65	keep and preserve consumer evidence	-
live	SM.Content.Definitions.SiteGraphNodeDefinition.RewardSourceId	Assets/_Game/Scripts/Runtime/Content/Definitions/SiteGraphNodeDefinition.cs:18	Assets/_Game/Scripts/Runtime/Unity/ContentConversion/CampaignConverter.cs:74	named runtime consumer at Assets/_Game/Scripts/Runtime/Unity/ContentConversion/CampaignConverter.cs:74	keep and preserve consumer evidence	-
live	SM.Content.Definitions.SkillDefinitionAsset.ActivationModel	Assets/_Game/Scripts/Runtime/Content/Definitions/SkillDefinitionAsset.cs:41	Assets/_Game/Scripts/Runtime/Unity/ContentConversion/ArchetypeConverter.cs:385	named runtime consumer at Assets/_Game/Scripts/Runtime/Unity/ContentConversion/ArchetypeConverter.cs:385	keep and preserve consumer evidence	-
live	SM.Content.Definitions.SkillDefinitionAsset.AppliedStatuses	Assets/_Game/Scripts/Runtime/Content/Definitions/SkillDefinitionAsset.cs:77	Assets/_Game/Scripts/Runtime/Unity/ContentConversion/SkillConverter.cs:25	named runtime consumer at Assets/_Game/Scripts/Runtime/Unity/ContentConversion/SkillConverter.cs:25	keep and preserve consumer evidence	-
live	SM.Content.Definitions.SkillDefinitionAsset.AreaEffectFamily	Assets/_Game/Scripts/Runtime/Content/Definitions/SkillDefinitionAsset.cs:30	Assets/_Game/Scripts/Runtime/Unity/ContentConversion/SkillConverter.cs:105	named runtime consumer at Assets/_Game/Scripts/Runtime/Unity/ContentConversion/SkillConverter.cs:105	keep and preserve consumer evidence	-
live	SM.Content.Definitions.SkillDefinitionAsset.AuthorityLayer	Assets/_Game/Scripts/Runtime/Content/Definitions/SkillDefinitionAsset.cs:44	Assets/_Game/Scripts/Runtime/Unity/ContentConversion/SkillConverter.cs:94	named runtime consumer at Assets/_Game/Scripts/Runtime/Unity/ContentConversion/SkillConverter.cs:94	keep and preserve consumer evidence	-
live	SM.Content.Definitions.SkillDefinitionAsset.BaseCooldownSeconds	Assets/_Game/Scripts/Runtime/Content/Definitions/SkillDefinitionAsset.cs:48	Assets/_Game/Scripts/Runtime/Unity/ContentConversion/SkillConverter.cs:77	named runtime consumer at Assets/_Game/Scripts/Runtime/Unity/ContentConversion/SkillConverter.cs:77	keep and preserve consumer evidence	-
live	SM.Content.Definitions.SkillDefinitionAsset.BudgetCard	Assets/_Game/Scripts/Runtime/Content/Definitions/SkillDefinitionAsset.cs:45	Assets/_Game/Scripts/Runtime/Unity/ContentConversion/SkillConverter.cs:104	named runtime consumer at Assets/_Game/Scripts/Runtime/Unity/ContentConversion/SkillConverter.cs:104	keep and preserve consumer evidence	-
live	SM.Content.Definitions.SkillDefinitionAsset.CanCrit	Assets/_Game/Scripts/Runtime/Content/Definitions/SkillDefinitionAsset.cs:40	Assets/_Game/Scripts/Runtime/Unity/ContentConversion/SkillConverter.cs:81	named runtime consumer at Assets/_Game/Scripts/Runtime/Unity/ContentConversion/SkillConverter.cs:81	keep and preserve consumer evidence	-
live	SM.Content.Definitions.SkillDefinitionAsset.CastWindupSeconds	Assets/_Game/Scripts/Runtime/Content/Definitions/SkillDefinitionAsset.cs:52	Assets/_Game/Scripts/Runtime/Unity/ContentConversion/SkillConverter.cs:78	named runtime consumer at Assets/_Game/Scripts/Runtime/Unity/ContentConversion/SkillConverter.cs:78	keep and preserve consumer evidence	-
live	SM.Content.Definitions.SkillDefinitionAsset.CleanseProfileId	Assets/_Game/Scripts/Runtime/Content/Definitions/SkillDefinitionAsset.cs:78	Assets/_Game/Scripts/Runtime/Unity/ContentConversion/SkillConverter.cs:44	named runtime consumer at Assets/_Game/Scripts/Runtime/Unity/ContentConversion/SkillConverter.cs:44	keep and preserve consumer evidence	-
live	SM.Content.Definitions.SkillDefinitionAsset.CompileTags	Assets/_Game/Scripts/Runtime/Content/Definitions/SkillDefinitionAsset.cs:71	Assets/_Game/Scripts/Runtime/Unity/ContentConversion/SkillConverter.cs:70	named runtime consumer at Assets/_Game/Scripts/Runtime/Unity/ContentConversion/SkillConverter.cs:70	keep and preserve consumer evidence	-
live	SM.Content.Definitions.SkillDefinitionAsset.DamageType	Assets/_Game/Scripts/Runtime/Content/Definitions/SkillDefinitionAsset.cs:19	Assets/_Game/Scripts/Runtime/Unity/ContentConversion/SkillConverter.cs:23	named runtime consumer at Assets/_Game/Scripts/Runtime/Unity/ContentConversion/SkillConverter.cs:23	keep and preserve consumer evidence	-
live	SM.Content.Definitions.SkillDefinitionAsset.Delivery	Assets/_Game/Scripts/Runtime/Content/Definitions/SkillDefinitionAsset.cs:20	Assets/_Game/Scripts/Runtime/Unity/ContentConversion/SkillConverter.cs:24	named runtime consumer at Assets/_Game/Scripts/Runtime/Unity/ContentConversion/SkillConverter.cs:24	keep and preserve consumer evidence	-
live	SM.Content.Definitions.SkillDefinitionAsset.DisplacementDistance	Assets/_Game/Scripts/Runtime/Content/Definitions/SkillDefinitionAsset.cs:34	Assets/_Game/Scripts/Runtime/Unity/ContentConversion/SkillConverter.cs:112	named runtime consumer at Assets/_Game/Scripts/Runtime/Unity/ContentConversion/SkillConverter.cs:112	keep and preserve consumer evidence	-
live	SM.Content.Definitions.SkillDefinitionAsset.DisplacementKind	Assets/_Game/Scripts/Runtime/Content/Definitions/SkillDefinitionAsset.cs:33	Assets/_Game/Scripts/Runtime/Unity/ContentConversion/SkillConverter.cs:111	named runtime consumer at Assets/_Game/Scripts/Runtime/Unity/ContentConversion/SkillConverter.cs:111	keep and preserve consumer evidence	-
live	SM.Content.Definitions.SkillDefinitionAsset.EffectFamilyId	Assets/_Game/Scripts/Runtime/Content/Definitions/SkillDefinitionAsset.cs:63	Assets/_Game/Scripts/Runtime/Unity/ContentConversion/SkillConverter.cs:36	named runtime consumer at Assets/_Game/Scripts/Runtime/Unity/ContentConversion/SkillConverter.cs:36	keep and preserve consumer evidence	-
live	SM.Content.Definitions.SkillDefinitionAsset.Effects	Assets/_Game/Scripts/Runtime/Content/Definitions/SkillDefinitionAsset.cs:70	Assets/_Game/Scripts/Runtime/Unity/ContentConversion/SkillConverter.cs:96	named runtime consumer at Assets/_Game/Scripts/Runtime/Unity/ContentConversion/SkillConverter.cs:96	keep and preserve consumer evidence	-
live	SM.Content.Definitions.SkillDefinitionAsset.HealCoeff	Assets/_Game/Scripts/Runtime/Content/Definitions/SkillDefinitionAsset.cs:38	Assets/_Game/Scripts/Runtime/Unity/ContentConversion/SkillConverter.cs:75	named runtime consumer at Assets/_Game/Scripts/Runtime/Unity/ContentConversion/SkillConverter.cs:75	keep and preserve consumer evidence	-
live	SM.Content.Definitions.SkillDefinitionAsset.HealthCoeff	Assets/_Game/Scripts/Runtime/Content/Definitions/SkillDefinitionAsset.cs:39	Assets/_Game/Scripts/Runtime/Unity/ContentConversion/SkillConverter.cs:80	named runtime consumer at Assets/_Game/Scripts/Runtime/Unity/ContentConversion/SkillConverter.cs:80	keep and preserve consumer evidence	-
live	SM.Content.Definitions.SkillDefinitionAsset.Id	Assets/_Game/Scripts/Runtime/Content/Definitions/SkillDefinitionAsset.cs:13	Assets/_Game/Scripts/Runtime/Unity/LaunchCoreRosterBaselineCatalog.cs:125	named runtime consumer at Assets/_Game/Scripts/Runtime/Unity/LaunchCoreRosterBaselineCatalog.cs:125	keep and preserve consumer evidence	-
live	SM.Content.Definitions.SkillDefinitionAsset.InterruptRefundScalar	Assets/_Game/Scripts/Runtime/Content/Definitions/SkillDefinitionAsset.cs:55	Assets/_Game/Scripts/Runtime/Unity/ContentConversion/SkillConverter.cs:98	named runtime consumer at Assets/_Game/Scripts/Runtime/Unity/ContentConversion/SkillConverter.cs:98	keep and preserve consumer evidence	-
live	SM.Content.Definitions.SkillDefinitionAsset.Kind	Assets/_Game/Scripts/Runtime/Content/Definitions/SkillDefinitionAsset.cs:17	Assets/_Game/Scripts/Runtime/Unity/ContentConversion/SkillConverter.cs:39	named runtime consumer at Assets/_Game/Scripts/Runtime/Unity/ContentConversion/SkillConverter.cs:39	keep and preserve consumer evidence	-
live	SM.Content.Definitions.SkillDefinitionAsset.Lane	Assets/_Game/Scripts/Runtime/Content/Definitions/SkillDefinitionAsset.cs:42	Assets/_Game/Scripts/Runtime/Unity/ContentConversion/SkillConverter.cs:92	named runtime consumer at Assets/_Game/Scripts/Runtime/Unity/ContentConversion/SkillConverter.cs:92	keep and preserve consumer evidence	-
live	SM.Content.Definitions.SkillDefinitionAsset.LockRule	Assets/_Game/Scripts/Runtime/Content/Definitions/SkillDefinitionAsset.cs:43	Assets/_Game/Scripts/Runtime/Unity/ContentConversion/SkillConverter.cs:93	named runtime consumer at Assets/_Game/Scripts/Runtime/Unity/ContentConversion/SkillConverter.cs:93	keep and preserve consumer evidence	-
live	SM.Content.Definitions.SkillDefinitionAsset.MagCoeff	Assets/_Game/Scripts/Runtime/Content/Definitions/SkillDefinitionAsset.cs:37	Assets/_Game/Scripts/Runtime/Unity/ContentConversion/SkillConverter.cs:74	named runtime consumer at Assets/_Game/Scripts/Runtime/Unity/ContentConversion/SkillConverter.cs:74	keep and preserve consumer evidence	-
live	SM.Content.Definitions.SkillDefinitionAsset.ManaCost	Assets/_Game/Scripts/Runtime/Content/Definitions/SkillDefinitionAsset.cs:46	Assets/_Game/Scripts/Runtime/Unity/ContentConversion/SkillConverter.cs:76	named runtime consumer at Assets/_Game/Scripts/Runtime/Unity/ContentConversion/SkillConverter.cs:76	keep and preserve consumer evidence	-
live	SM.Content.Definitions.SkillDefinitionAsset.MutuallyExclusiveGroupId	Assets/_Game/Scripts/Runtime/Content/Definitions/SkillDefinitionAsset.cs:64	Assets/_Game/Scripts/Runtime/Unity/ContentConversion/SkillConverter.cs:100	named runtime consumer at Assets/_Game/Scripts/Runtime/Unity/ContentConversion/SkillConverter.cs:100	keep and preserve consumer evidence	-
live	SM.Content.Definitions.SkillDefinitionAsset.OpeningLockSeconds	Assets/_Game/Scripts/Runtime/Content/Definitions/SkillDefinitionAsset.cs:50	Assets/_Game/Scripts/Runtime/Unity/ContentConversion/SkillConverter.cs:116	named runtime consumer at Assets/_Game/Scripts/Runtime/Unity/ContentConversion/SkillConverter.cs:116	keep and preserve consumer evidence	-
live	SM.Content.Definitions.SkillDefinitionAsset.PhysCoeff	Assets/_Game/Scripts/Runtime/Content/Definitions/SkillDefinitionAsset.cs:36	Assets/_Game/Scripts/Runtime/Unity/ContentConversion/SkillConverter.cs:73	named runtime consumer at Assets/_Game/Scripts/Runtime/Unity/ContentConversion/SkillConverter.cs:73	keep and preserve consumer evidence	-
live	SM.Content.Definitions.SkillDefinitionAsset.Power	Assets/_Game/Scripts/Runtime/Content/Definitions/SkillDefinitionAsset.cs:22	Assets/_Game/Scripts/Runtime/Unity/ContentConversion/SkillConverter.cs:67	named runtime consumer at Assets/_Game/Scripts/Runtime/Unity/ContentConversion/SkillConverter.cs:67	keep and preserve consumer evidence	-
live	SM.Content.Definitions.SkillDefinitionAsset.PowerFlat	Assets/_Game/Scripts/Runtime/Content/Definitions/SkillDefinitionAsset.cs:35	Assets/_Game/Scripts/Runtime/Unity/ContentConversion/SkillConverter.cs:72	named runtime consumer at Assets/_Game/Scripts/Runtime/Unity/ContentConversion/SkillConverter.cs:72	keep and preserve consumer evidence	-
live	SM.Content.Definitions.SkillDefinitionAsset.PunishCluster	Assets/_Game/Scripts/Runtime/Content/Definitions/SkillDefinitionAsset.cs:31	Assets/_Game/Scripts/Runtime/Unity/ContentConversion/SkillConverter.cs:107	named runtime consumer at Assets/_Game/Scripts/Runtime/Unity/ContentConversion/SkillConverter.cs:107	keep and preserve consumer evidence	-
live	SM.Content.Definitions.SkillDefinitionAsset.Radius	Assets/_Game/Scripts/Runtime/Content/Definitions/SkillDefinitionAsset.cs:26	Assets/_Game/Scripts/Runtime/Unity/ContentConversion/SkillConverter.cs:106	named runtime consumer at Assets/_Game/Scripts/Runtime/Unity/ContentConversion/SkillConverter.cs:106	keep and preserve consumer evidence	-
live	SM.Content.Definitions.SkillDefinitionAsset.Range	Assets/_Game/Scripts/Runtime/Content/Definitions/SkillDefinitionAsset.cs:23	Assets/_Game/Scripts/Runtime/Unity/ContentConversion/SkillConverter.cs:68	named runtime consumer at Assets/_Game/Scripts/Runtime/Unity/ContentConversion/SkillConverter.cs:68	keep and preserve consumer evidence	-
live	SM.Content.Definitions.SkillDefinitionAsset.RecruitNativeTags	Assets/_Game/Scripts/Runtime/Content/Definitions/SkillDefinitionAsset.cs:65	Assets/_Game/Scripts/Runtime/Unity/ContentConversion/SkillConverter.cs:45	named runtime consumer at Assets/_Game/Scripts/Runtime/Unity/ContentConversion/SkillConverter.cs:45	keep and preserve consumer evidence	-
live	SM.Content.Definitions.SkillDefinitionAsset.RecruitPlanTags	Assets/_Game/Scripts/Runtime/Content/Definitions/SkillDefinitionAsset.cs:66	Assets/_Game/Scripts/Runtime/Unity/ContentConversion/SkillConverter.cs:51	named runtime consumer at Assets/_Game/Scripts/Runtime/Unity/ContentConversion/SkillConverter.cs:51	keep and preserve consumer evidence	-
live	SM.Content.Definitions.SkillDefinitionAsset.RecruitScoutTags	Assets/_Game/Scripts/Runtime/Content/Definitions/SkillDefinitionAsset.cs:67	Assets/_Game/Scripts/Runtime/Unity/ContentConversion/SkillConverter.cs:57	named runtime consumer at Assets/_Game/Scripts/Runtime/Unity/ContentConversion/SkillConverter.cs:57	keep and preserve consumer evidence	-
live	SM.Content.Definitions.SkillDefinitionAsset.RequiredClassTags	Assets/_Game/Scripts/Runtime/Content/Definitions/SkillDefinitionAsset.cs:76	Assets/_Game/Scripts/Runtime/Unity/ContentConversion/SkillConverter.cs:87	named runtime consumer at Assets/_Game/Scripts/Runtime/Unity/ContentConversion/SkillConverter.cs:87	keep and preserve consumer evidence	-
live	SM.Content.Definitions.SkillDefinitionAsset.RequiredWeaponTags	Assets/_Game/Scripts/Runtime/Content/Definitions/SkillDefinitionAsset.cs:75	Assets/_Game/Scripts/Runtime/Unity/ContentConversion/SkillConverter.cs:86	named runtime consumer at Assets/_Game/Scripts/Runtime/Unity/ContentConversion/SkillConverter.cs:86	keep and preserve consumer evidence	-
live	SM.Content.Definitions.SkillDefinitionAsset.RuleModifierTags	Assets/_Game/Scripts/Runtime/Content/Definitions/SkillDefinitionAsset.cs:72	Assets/_Game/Scripts/Runtime/Unity/ContentConversion/SkillConverter.cs:79	named runtime consumer at Assets/_Game/Scripts/Runtime/Unity/ContentConversion/SkillConverter.cs:79	keep and preserve consumer evidence	-
live	SM.Content.Definitions.SkillDefinitionAsset.SlotKind	Assets/_Game/Scripts/Runtime/Content/Definitions/SkillDefinitionAsset.cs:18	Assets/_Game/Scripts/Runtime/Unity/ContentConversion/ArchetypeConverter.cs:339	named runtime consumer at Assets/_Game/Scripts/Runtime/Unity/ContentConversion/ArchetypeConverter.cs:339	keep and preserve consumer evidence	-
live	SM.Content.Definitions.SkillDefinitionAsset.StartsOnCooldown	Assets/_Game/Scripts/Runtime/Content/Definitions/SkillDefinitionAsset.cs:49	Assets/_Game/Scripts/Runtime/Unity/ContentConversion/SkillConverter.cs:115	named runtime consumer at Assets/_Game/Scripts/Runtime/Unity/ContentConversion/SkillConverter.cs:115	keep and preserve consumer evidence	-
live	SM.Content.Definitions.SkillDefinitionAsset.SummonProfile	Assets/_Game/Scripts/Runtime/Content/Definitions/SkillDefinitionAsset.cs:69	Assets/_Game/Scripts/Runtime/Unity/ContentConversion/SkillConverter.cs:97	named runtime consumer at Assets/_Game/Scripts/Runtime/Unity/ContentConversion/SkillConverter.cs:97	keep and preserve consumer evidence	-
live	SM.Content.Definitions.SkillDefinitionAsset.SupportAllowedTags	Assets/_Game/Scripts/Runtime/Content/Definitions/SkillDefinitionAsset.cs:73	Assets/_Game/Scripts/Runtime/Unity/ContentConversion/SkillConverter.cs:84	named runtime consumer at Assets/_Game/Scripts/Runtime/Unity/ContentConversion/SkillConverter.cs:84	keep and preserve consumer evidence	-
live	SM.Content.Definitions.SkillDefinitionAsset.SupportBlockedTags	Assets/_Game/Scripts/Runtime/Content/Definitions/SkillDefinitionAsset.cs:74	Assets/_Game/Scripts/Runtime/Unity/ContentConversion/SkillConverter.cs:85	named runtime consumer at Assets/_Game/Scripts/Runtime/Unity/ContentConversion/SkillConverter.cs:85	keep and preserve consumer evidence	-
live	SM.Content.Definitions.SkillDefinitionAsset.SupportModifier	Assets/_Game/Scripts/Runtime/Content/Definitions/SkillDefinitionAsset.cs:84	Assets/_Game/Scripts/Runtime/Unity/ContentConversion/SkillConverter.cs:121	named runtime consumer at Assets/_Game/Scripts/Runtime/Unity/ContentConversion/SkillConverter.cs:121	keep and preserve consumer evidence	-
live	SM.Content.Definitions.SkillDefinitionAsset.TargetRuleData	Assets/_Game/Scripts/Runtime/Content/Definitions/SkillDefinitionAsset.cs:68	Assets/_Game/Scripts/Runtime/Unity/ContentConversion/ArchetypeConverter.cs:379	named runtime consumer at Assets/_Game/Scripts/Runtime/Unity/ContentConversion/ArchetypeConverter.cs:379	keep and preserve consumer evidence	-
live	SM.Content.Definitions.SkillDefinitionAsset.TriggeredEffects	Assets/_Game/Scripts/Runtime/Content/Definitions/SkillDefinitionAsset.cs:81	Assets/_Game/Scripts/Runtime/Unity/ContentConversion/SkillConverter.cs:170	named runtime consumer at Assets/_Game/Scripts/Runtime/Unity/ContentConversion/SkillConverter.cs:170	keep and preserve consumer evidence	-
live	SM.Content.Definitions.StableTagDefinition.Id	Assets/_Game/Scripts/Runtime/Content/Definitions/StableTagDefinition.cs:10	Assets/_Game/Scripts/Runtime/Unity/ContentConversion/CatalogEntryConverter.cs:68	named runtime consumer at Assets/_Game/Scripts/Runtime/Unity/ContentConversion/CatalogEntryConverter.cs:68	keep and preserve consumer evidence	-
live	SM.Content.Definitions.StatusApplicationRule.DurationSeconds	Assets/_Game/Scripts/Runtime/Content/Definitions/StatusFamilyDefinition.cs:15	Assets/_Game/Scripts/Runtime/Unity/ContentConversion/CampaignConverter.cs:177	named runtime consumer at Assets/_Game/Scripts/Runtime/Unity/ContentConversion/CampaignConverter.cs:177	keep and preserve consumer evidence	-
live	SM.Content.Definitions.StatusApplicationRule.Id	Assets/_Game/Scripts/Runtime/Content/Definitions/StatusFamilyDefinition.cs:13	Assets/_Game/Scripts/Runtime/Unity/ContentConversion/CampaignConverter.cs:175	named runtime consumer at Assets/_Game/Scripts/Runtime/Unity/ContentConversion/CampaignConverter.cs:175	keep and preserve consumer evidence	-
live	SM.Content.Definitions.StatusApplicationRule.Magnitude	Assets/_Game/Scripts/Runtime/Content/Definitions/StatusFamilyDefinition.cs:16	Assets/_Game/Scripts/Runtime/Unity/ContentConversion/CampaignConverter.cs:178	named runtime consumer at Assets/_Game/Scripts/Runtime/Unity/ContentConversion/CampaignConverter.cs:178	keep and preserve consumer evidence	-
live	SM.Content.Definitions.StatusApplicationRule.MaxStacks	Assets/_Game/Scripts/Runtime/Content/Definitions/StatusFamilyDefinition.cs:18	Assets/_Game/Scripts/Runtime/Unity/ContentConversion/CampaignConverter.cs:179	named runtime consumer at Assets/_Game/Scripts/Runtime/Unity/ContentConversion/CampaignConverter.cs:179	keep and preserve consumer evidence	-
live	SM.Content.Definitions.StatusApplicationRule.RefreshDurationOnReapply	Assets/_Game/Scripts/Runtime/Content/Definitions/StatusFamilyDefinition.cs:19	Assets/_Game/Scripts/Runtime/Unity/ContentConversion/CampaignConverter.cs:180	named runtime consumer at Assets/_Game/Scripts/Runtime/Unity/ContentConversion/CampaignConverter.cs:180	keep and preserve consumer evidence	-
live	SM.Content.Definitions.StatusApplicationRule.Scope	Assets/_Game/Scripts/Runtime/Content/Definitions/StatusFamilyDefinition.cs:17	Assets/_Game/Scripts/Runtime/Unity/ContentConversion/SkillConverter.cs:34	named runtime consumer at Assets/_Game/Scripts/Runtime/Unity/ContentConversion/SkillConverter.cs:34	keep and preserve consumer evidence	-
live	SM.Content.Definitions.StatusApplicationRule.StatusId	Assets/_Game/Scripts/Runtime/Content/Definitions/StatusFamilyDefinition.cs:14	Assets/_Game/Scripts/Runtime/Unity/ContentConversion/CampaignConverter.cs:173	named runtime consumer at Assets/_Game/Scripts/Runtime/Unity/ContentConversion/CampaignConverter.cs:173	keep and preserve consumer evidence	-
live	SM.Content.Definitions.StatusFamilyDefinition.AffectedByTenacity	Assets/_Game/Scripts/Runtime/Content/Definitions/StatusFamilyDefinition.cs:38	Assets/_Game/Scripts/Runtime/Unity/ContentConversion/StatusConverter.cs:20	named runtime consumer at Assets/_Game/Scripts/Runtime/Unity/ContentConversion/StatusConverter.cs:20	keep and preserve consumer evidence	-
live	SM.Content.Definitions.StatusFamilyDefinition.AmplifiesIncomingDamage	Assets/_Game/Scripts/Runtime/Content/Definitions/StatusFamilyDefinition.cs:67	Assets/_Game/Scripts/Runtime/Unity/ContentConversion/StatusConverter.cs:37	named runtime consumer at Assets/_Game/Scripts/Runtime/Unity/ContentConversion/StatusConverter.cs:37	keep and preserve consumer evidence	-
live	SM.Content.Definitions.StatusFamilyDefinition.AppliesPeriodicDamage	Assets/_Game/Scripts/Runtime/Content/Definitions/StatusFamilyDefinition.cs:40	Assets/_Game/Scripts/Runtime/Unity/ContentConversion/StatusConverter.cs:22	named runtime consumer at Assets/_Game/Scripts/Runtime/Unity/ContentConversion/StatusConverter.cs:22	keep and preserve consumer evidence	-
live	SM.Content.Definitions.StatusFamilyDefinition.BlocksAction	Assets/_Game/Scripts/Runtime/Content/Definitions/StatusFamilyDefinition.cs:64	Assets/_Game/Scripts/Runtime/Unity/ContentConversion/StatusConverter.cs:36	named runtime consumer at Assets/_Game/Scripts/Runtime/Unity/ContentConversion/StatusConverter.cs:36	keep and preserve consumer evidence	-
live	SM.Content.Definitions.StatusFamilyDefinition.BlocksActiveSkills	Assets/_Game/Scripts/Runtime/Content/Definitions/StatusFamilyDefinition.cs:58	Assets/_Game/Scripts/Runtime/Unity/ContentConversion/StatusConverter.cs:34	named runtime consumer at Assets/_Game/Scripts/Runtime/Unity/ContentConversion/StatusConverter.cs:34	keep and preserve consumer evidence	-
live	SM.Content.Definitions.StatusFamilyDefinition.BlocksMovement	Assets/_Game/Scripts/Runtime/Content/Definitions/StatusFamilyDefinition.cs:61	Assets/_Game/Scripts/Runtime/Unity/ContentConversion/StatusConverter.cs:35	named runtime consumer at Assets/_Game/Scripts/Runtime/Unity/ContentConversion/StatusConverter.cs:35	keep and preserve consumer evidence	-
live	SM.Content.Definitions.StatusFamilyDefinition.BudgetCard	Assets/_Game/Scripts/Runtime/Content/Definitions/StatusFamilyDefinition.cs:86	Assets/_Game/Scripts/Runtime/Unity/ContentConversion/StatusConverter.cs:29	named runtime consumer at Assets/_Game/Scripts/Runtime/Unity/ContentConversion/StatusConverter.cs:29	keep and preserve consumer evidence	-
live	SM.Content.Definitions.StatusFamilyDefinition.CompileTags	Assets/_Game/Scripts/Runtime/Content/Definitions/StatusFamilyDefinition.cs:97	Assets/_Game/Scripts/Runtime/Unity/ContentConversion/StatusConverter.cs:25	named runtime consumer at Assets/_Game/Scripts/Runtime/Unity/ContentConversion/StatusConverter.cs:25	keep and preserve consumer evidence	-
live	SM.Content.Definitions.StatusFamilyDefinition.DampensTempo	Assets/_Game/Scripts/Runtime/Content/Definitions/StatusFamilyDefinition.cs:79	Assets/_Game/Scripts/Runtime/Unity/ContentConversion/StatusConverter.cs:41	named runtime consumer at Assets/_Game/Scripts/Runtime/Unity/ContentConversion/StatusConverter.cs:41	keep and preserve consumer evidence	-
live	SM.Content.Definitions.StatusFamilyDefinition.GrantsBarrierOnApply	Assets/_Game/Scripts/Runtime/Content/Definitions/StatusFamilyDefinition.cs:52	Assets/_Game/Scripts/Runtime/Unity/ContentConversion/StatusConverter.cs:32	named runtime consumer at Assets/_Game/Scripts/Runtime/Unity/ContentConversion/StatusConverter.cs:32	keep and preserve consumer evidence	-
live	SM.Content.Definitions.StatusFamilyDefinition.GrantsGuardedDefense	Assets/_Game/Scripts/Runtime/Content/Definitions/StatusFamilyDefinition.cs:70	Assets/_Game/Scripts/Runtime/Unity/ContentConversion/StatusConverter.cs:38	named runtime consumer at Assets/_Game/Scripts/Runtime/Unity/ContentConversion/StatusConverter.cs:38	keep and preserve consumer evidence	-
live	SM.Content.Definitions.StatusFamilyDefinition.GrantsUnstoppable	Assets/_Game/Scripts/Runtime/Content/Definitions/StatusFamilyDefinition.cs:55	Assets/_Game/Scripts/Runtime/Unity/ContentConversion/StatusConverter.cs:33	named runtime consumer at Assets/_Game/Scripts/Runtime/Unity/ContentConversion/StatusConverter.cs:33	keep and preserve consumer evidence	-
live	SM.Content.Definitions.StatusFamilyDefinition.Group	Assets/_Game/Scripts/Runtime/Content/Definitions/StatusFamilyDefinition.cs:35	Assets/_Game/Scripts/Runtime/Unity/ContentConversion/StatusConverter.cs:17	named runtime consumer at Assets/_Game/Scripts/Runtime/Unity/ContentConversion/StatusConverter.cs:17	keep and preserve consumer evidence	-
live	SM.Content.Definitions.StatusFamilyDefinition.Id	Assets/_Game/Scripts/Runtime/Content/Definitions/StatusFamilyDefinition.cs:32	Assets/_Game/Scripts/Runtime/Unity/ContentConversion/ContentDefinitionRegistry.cs:296	named runtime consumer at Assets/_Game/Scripts/Runtime/Unity/ContentConversion/ContentDefinitionRegistry.cs:296	keep and preserve consumer evidence	-
live	SM.Content.Definitions.StatusFamilyDefinition.IncomingDamageDelta	Assets/_Game/Scripts/Runtime/Content/Definitions/StatusFamilyDefinition.cs:43	Assets/_Game/Scripts/Runtime/Unity/ContentConversion/StatusConverter.cs:30	named runtime consumer at Assets/_Game/Scripts/Runtime/Unity/ContentConversion/StatusConverter.cs:30	keep and preserve consumer evidence	-
live	SM.Content.Definitions.StatusFamilyDefinition.IsHardControl	Assets/_Game/Scripts/Runtime/Content/Definitions/StatusFamilyDefinition.cs:36	Assets/_Game/Scripts/Runtime/Unity/ContentConversion/StatusConverter.cs:18	named runtime consumer at Assets/_Game/Scripts/Runtime/Unity/ContentConversion/StatusConverter.cs:18	keep and preserve consumer evidence	-
live	SM.Content.Definitions.StatusFamilyDefinition.IsRuleModifierOnly	Assets/_Game/Scripts/Runtime/Content/Definitions/StatusFamilyDefinition.cs:87	Assets/_Game/Scripts/Runtime/Unity/ContentConversion/StatusConverter.cs:24	named runtime consumer at Assets/_Game/Scripts/Runtime/Unity/ContentConversion/StatusConverter.cs:24	keep and preserve consumer evidence	-
live	SM.Content.Definitions.StatusFamilyDefinition.MagnitudeScale	Assets/_Game/Scripts/Runtime/Content/Definitions/StatusFamilyDefinition.cs:46	Assets/_Game/Scripts/Runtime/Unity/ContentConversion/StatusConverter.cs:31	named runtime consumer at Assets/_Game/Scripts/Runtime/Unity/ContentConversion/StatusConverter.cs:31	keep and preserve consumer evidence	-
live	SM.Content.Definitions.StatusFamilyDefinition.MagnitudeUnit	Assets/_Game/Scripts/Runtime/Content/Definitions/StatusFamilyDefinition.cs:49	Assets/_Game/Scripts/Runtime/Unity/ContentConversion/StatusConverter.cs:43	named runtime consumer at Assets/_Game/Scripts/Runtime/Unity/ContentConversion/StatusConverter.cs:43	keep and preserve consumer evidence	-
live	SM.Content.Definitions.StatusFamilyDefinition.MarksTarget	Assets/_Game/Scripts/Runtime/Content/Definitions/StatusFamilyDefinition.cs:82	Assets/_Game/Scripts/Runtime/Unity/ContentConversion/StatusConverter.cs:42	named runtime consumer at Assets/_Game/Scripts/Runtime/Unity/ContentConversion/StatusConverter.cs:42	keep and preserve consumer evidence	-
live	SM.Content.Definitions.StatusFamilyDefinition.ReducesHealing	Assets/_Game/Scripts/Runtime/Content/Definitions/StatusFamilyDefinition.cs:76	Assets/_Game/Scripts/Runtime/Unity/ContentConversion/StatusConverter.cs:40	named runtime consumer at Assets/_Game/Scripts/Runtime/Unity/ContentConversion/StatusConverter.cs:40	keep and preserve consumer evidence	-
live	SM.Content.Definitions.StatusFamilyDefinition.ShredsDefense	Assets/_Game/Scripts/Runtime/Content/Definitions/StatusFamilyDefinition.cs:73	Assets/_Game/Scripts/Runtime/Unity/ContentConversion/StatusConverter.cs:39	named runtime consumer at Assets/_Game/Scripts/Runtime/Unity/ContentConversion/StatusConverter.cs:39	keep and preserve consumer evidence	-
live	SM.Content.Definitions.StatusFamilyDefinition.TenacityScale	Assets/_Game/Scripts/Runtime/Content/Definitions/StatusFamilyDefinition.cs:39	Assets/_Game/Scripts/Runtime/Unity/ContentConversion/StatusConverter.cs:21	named runtime consumer at Assets/_Game/Scripts/Runtime/Unity/ContentConversion/StatusConverter.cs:21	keep and preserve consumer evidence	-
live	SM.Content.Definitions.StatusFamilyDefinition.UsesControlDiminishing	Assets/_Game/Scripts/Runtime/Content/Definitions/StatusFamilyDefinition.cs:37	Assets/_Game/Scripts/Runtime/Unity/ContentConversion/StatusConverter.cs:19	named runtime consumer at Assets/_Game/Scripts/Runtime/Unity/ContentConversion/StatusConverter.cs:19	keep and preserve consumer evidence	-
live	SM.Content.Definitions.SupportModifierSpec.AddedStatuses	Assets/_Game/Scripts/Runtime/Content/Definitions/SupportModifierSpec.cs:36	Assets/_Game/Scripts/Runtime/Unity/ContentConversion/SkillConverter.cs:127	named runtime consumer at Assets/_Game/Scripts/Runtime/Unity/ContentConversion/SkillConverter.cs:127	keep and preserve consumer evidence	-
live	SM.Content.Definitions.SupportModifierSpec.CastWindupMultiplier	Assets/_Game/Scripts/Runtime/Content/Definitions/SupportModifierSpec.cs:24	Assets/_Game/Scripts/Runtime/Unity/ContentConversion/SkillConverter.cs:144	named runtime consumer at Assets/_Game/Scripts/Runtime/Unity/ContentConversion/SkillConverter.cs:144	keep and preserve consumer evidence	-
live	SM.Content.Definitions.SupportModifierSpec.CooldownMultiplier	Assets/_Game/Scripts/Runtime/Content/Definitions/SupportModifierSpec.cs:21	Assets/_Game/Scripts/Runtime/Unity/ContentConversion/SkillConverter.cs:143	named runtime consumer at Assets/_Game/Scripts/Runtime/Unity/ContentConversion/SkillConverter.cs:143	keep and preserve consumer evidence	-
live	SM.Content.Definitions.SupportModifierSpec.ForceCanCrit	Assets/_Game/Scripts/Runtime/Content/Definitions/SupportModifierSpec.cs:33	Assets/_Game/Scripts/Runtime/Unity/ContentConversion/SkillConverter.cs:147	named runtime consumer at Assets/_Game/Scripts/Runtime/Unity/ContentConversion/SkillConverter.cs:147	keep and preserve consumer evidence	-
live	SM.Content.Definitions.SupportModifierSpec.GrantCleanseProfileId	Assets/_Game/Scripts/Runtime/Content/Definitions/SupportModifierSpec.cs:39	Assets/_Game/Scripts/Runtime/Unity/ContentConversion/SkillConverter.cs:149	named runtime consumer at Assets/_Game/Scripts/Runtime/Unity/ContentConversion/SkillConverter.cs:149	keep and preserve consumer evidence	-
live	SM.Content.Definitions.SupportModifierSpec.OwnerModifiers	Assets/_Game/Scripts/Runtime/Content/Definitions/SupportModifierSpec.cs:42	Assets/_Game/Scripts/Runtime/Unity/ContentConversion/SkillConverter.cs:138	named runtime consumer at Assets/_Game/Scripts/Runtime/Unity/ContentConversion/SkillConverter.cs:138	keep and preserve consumer evidence	-
live	SM.Content.Definitions.SupportModifierSpec.PowerMultiplier	Assets/_Game/Scripts/Runtime/Content/Definitions/SupportModifierSpec.cs:18	Assets/_Game/Scripts/Runtime/Unity/ContentConversion/SkillConverter.cs:142	named runtime consumer at Assets/_Game/Scripts/Runtime/Unity/ContentConversion/SkillConverter.cs:142	keep and preserve consumer evidence	-
live	SM.Content.Definitions.SupportModifierSpec.RangeBonus	Assets/_Game/Scripts/Runtime/Content/Definitions/SupportModifierSpec.cs:27	Assets/_Game/Scripts/Runtime/Unity/ContentConversion/SkillConverter.cs:145	named runtime consumer at Assets/_Game/Scripts/Runtime/Unity/ContentConversion/SkillConverter.cs:145	keep and preserve consumer evidence	-
live	SM.Content.Definitions.SupportModifierSpec.StatusDurationMultiplier	Assets/_Game/Scripts/Runtime/Content/Definitions/SupportModifierSpec.cs:30	Assets/_Game/Scripts/Runtime/Unity/ContentConversion/SkillConverter.cs:146	named runtime consumer at Assets/_Game/Scripts/Runtime/Unity/ContentConversion/SkillConverter.cs:146	keep and preserve consumer evidence	-
live	SM.Content.Definitions.SynergyDefinition.CountedTagId	Assets/_Game/Scripts/Runtime/Content/Definitions/SynergyDefinition.cs:15	Assets/_Game/Scripts/Runtime/Unity/ContentConversion/CatalogEntryConverter.cs:162	named runtime consumer at Assets/_Game/Scripts/Runtime/Unity/ContentConversion/CatalogEntryConverter.cs:162	keep and preserve consumer evidence	-
live	SM.Content.Definitions.SynergyDefinition.Id	Assets/_Game/Scripts/Runtime/Content/Definitions/SynergyDefinition.cs:12	Assets/_Game/Scripts/Runtime/Unity/ContentConversion/CatalogEntryConverter.cs:159	named runtime consumer at Assets/_Game/Scripts/Runtime/Unity/ContentConversion/CatalogEntryConverter.cs:159	keep and preserve consumer evidence	-
live	SM.Content.Definitions.SynergyDefinition.Tiers	Assets/_Game/Scripts/Runtime/Content/Definitions/SynergyDefinition.cs:17	Assets/_Game/Scripts/Runtime/Unity/ContentConversion/CatalogEntryConverter.cs:156	named runtime consumer at Assets/_Game/Scripts/Runtime/Unity/ContentConversion/CatalogEntryConverter.cs:156	keep and preserve consumer evidence	-
live	SM.Content.Definitions.SynergyTierDefinition.BudgetCard	Assets/_Game/Scripts/Runtime/Content/Definitions/SynergyTierDefinition.cs:17	Assets/_Game/Scripts/Runtime/Unity/ContentConversion/CatalogEntryConverter.cs:165	named runtime consumer at Assets/_Game/Scripts/Runtime/Unity/ContentConversion/CatalogEntryConverter.cs:165	keep and preserve consumer evidence	-
live	SM.Content.Definitions.SynergyTierDefinition.Modifiers	Assets/_Game/Scripts/Runtime/Content/Definitions/SynergyTierDefinition.cs:19	Assets/_Game/Scripts/Runtime/Unity/ContentConversion/CatalogEntryConverter.cs:164	named runtime consumer at Assets/_Game/Scripts/Runtime/Unity/ContentConversion/CatalogEntryConverter.cs:164	keep and preserve consumer evidence	-
live	SM.Content.Definitions.SynergyTierDefinition.Threshold	Assets/_Game/Scripts/Runtime/Content/Definitions/SynergyTierDefinition.cs:16	Assets/_Game/Scripts/Runtime/Unity/ContentConversion/CatalogEntryConverter.cs:156	named runtime consumer at Assets/_Game/Scripts/Runtime/Unity/ContentConversion/CatalogEntryConverter.cs:156	keep and preserve consumer evidence	-
live	SM.Content.Definitions.TacticPresetEntry.ActionType	Assets/_Game/Scripts/Runtime/Content/Definitions/TacticPresetEntry.cs:13	Assets/_Game/Scripts/Runtime/Unity/ContentConversion/ArchetypeConverter.cs:71	named runtime consumer at Assets/_Game/Scripts/Runtime/Unity/ContentConversion/ArchetypeConverter.cs:71	keep and preserve consumer evidence	-
live	SM.Content.Definitions.TacticPresetEntry.ConditionType	Assets/_Game/Scripts/Runtime/Content/Definitions/TacticPresetEntry.cs:11	Assets/_Game/Scripts/Runtime/Unity/ContentConversion/ArchetypeConverter.cs:69	named runtime consumer at Assets/_Game/Scripts/Runtime/Unity/ContentConversion/ArchetypeConverter.cs:69	keep and preserve consumer evidence	-
live	SM.Content.Definitions.TacticPresetEntry.Priority	Assets/_Game/Scripts/Runtime/Content/Definitions/TacticPresetEntry.cs:10	Assets/_Game/Scripts/Runtime/Unity/ContentConversion/ArchetypeConverter.cs:66	named runtime consumer at Assets/_Game/Scripts/Runtime/Unity/ContentConversion/ArchetypeConverter.cs:66	keep and preserve consumer evidence	-
live	SM.Content.Definitions.TacticPresetEntry.Skill	Assets/_Game/Scripts/Runtime/Content/Definitions/TacticPresetEntry.cs:15	Assets/_Game/Scripts/Runtime/Unity/ContentConversion/ArchetypeConverter.cs:73	named runtime consumer at Assets/_Game/Scripts/Runtime/Unity/ContentConversion/ArchetypeConverter.cs:73	keep and preserve consumer evidence	-
live	SM.Content.Definitions.TacticPresetEntry.TargetSelector	Assets/_Game/Scripts/Runtime/Content/Definitions/TacticPresetEntry.cs:14	Assets/_Game/Scripts/Runtime/Unity/ContentConversion/ArchetypeConverter.cs:72	named runtime consumer at Assets/_Game/Scripts/Runtime/Unity/ContentConversion/ArchetypeConverter.cs:72	keep and preserve consumer evidence	-
live	SM.Content.Definitions.TacticPresetEntry.Threshold	Assets/_Game/Scripts/Runtime/Content/Definitions/TacticPresetEntry.cs:12	Assets/_Game/Scripts/Runtime/Unity/ContentConversion/ArchetypeConverter.cs:70	named runtime consumer at Assets/_Game/Scripts/Runtime/Unity/ContentConversion/ArchetypeConverter.cs:70	keep and preserve consumer evidence	-
live	SM.Content.Definitions.TeamTacticDefinition.BackSpacingBias	Assets/_Game/Scripts/Runtime/Content/Definitions/TeamTacticDefinition.cs:18	Assets/_Game/Scripts/Runtime/Unity/ContentConversion/CatalogEntryConverter.cs:27	named runtime consumer at Assets/_Game/Scripts/Runtime/Unity/ContentConversion/CatalogEntryConverter.cs:27	keep and preserve consumer evidence	-
live	SM.Content.Definitions.TeamTacticDefinition.CombatPace	Assets/_Game/Scripts/Runtime/Content/Definitions/TeamTacticDefinition.cs:15	Assets/_Game/Scripts/Runtime/Unity/ContentConversion/CatalogEntryConverter.cs:24	named runtime consumer at Assets/_Game/Scripts/Runtime/Unity/ContentConversion/CatalogEntryConverter.cs:24	keep and preserve consumer evidence	-
live	SM.Content.Definitions.TeamTacticDefinition.Compactness	Assets/_Game/Scripts/Runtime/Content/Definitions/TeamTacticDefinition.cs:21	Assets/_Game/Scripts/Runtime/Unity/ContentConversion/CatalogEntryConverter.cs:30	named runtime consumer at Assets/_Game/Scripts/Runtime/Unity/ContentConversion/CatalogEntryConverter.cs:30	keep and preserve consumer evidence	-
live	SM.Content.Definitions.TeamTacticDefinition.Depth	Assets/_Game/Scripts/Runtime/Content/Definitions/TeamTacticDefinition.cs:23	Assets/_Game/Scripts/Runtime/Unity/ContentConversion/CatalogEntryConverter.cs:32	named runtime consumer at Assets/_Game/Scripts/Runtime/Unity/ContentConversion/CatalogEntryConverter.cs:32	keep and preserve consumer evidence	-
live	SM.Content.Definitions.TeamTacticDefinition.FlankBias	Assets/_Game/Scripts/Runtime/Content/Definitions/TeamTacticDefinition.cs:25	Assets/_Game/Scripts/Runtime/Unity/ContentConversion/CatalogEntryConverter.cs:34	named runtime consumer at Assets/_Game/Scripts/Runtime/Unity/ContentConversion/CatalogEntryConverter.cs:34	keep and preserve consumer evidence	-
live	SM.Content.Definitions.TeamTacticDefinition.FocusModeBias	Assets/_Game/Scripts/Runtime/Content/Definitions/TeamTacticDefinition.cs:16	Assets/_Game/Scripts/Runtime/Unity/ContentConversion/CatalogEntryConverter.cs:25	named runtime consumer at Assets/_Game/Scripts/Runtime/Unity/ContentConversion/CatalogEntryConverter.cs:25	keep and preserve consumer evidence	-
live	SM.Content.Definitions.TeamTacticDefinition.FrontSpacingBias	Assets/_Game/Scripts/Runtime/Content/Definitions/TeamTacticDefinition.cs:17	Assets/_Game/Scripts/Runtime/Unity/ContentConversion/CatalogEntryConverter.cs:26	named runtime consumer at Assets/_Game/Scripts/Runtime/Unity/ContentConversion/CatalogEntryConverter.cs:26	keep and preserve consumer evidence	-
live	SM.Content.Definitions.TeamTacticDefinition.Id	Assets/_Game/Scripts/Runtime/Content/Definitions/TeamTacticDefinition.cs:12	Assets/_Game/Scripts/Runtime/Unity/ContentConversion/CatalogEntryConverter.cs:19	named runtime consumer at Assets/_Game/Scripts/Runtime/Unity/ContentConversion/CatalogEntryConverter.cs:19	keep and preserve consumer evidence	-
live	SM.Content.Definitions.TeamTacticDefinition.LineSpacing	Assets/_Game/Scripts/Runtime/Content/Definitions/TeamTacticDefinition.cs:24	Assets/_Game/Scripts/Runtime/Unity/ContentConversion/CatalogEntryConverter.cs:33	named runtime consumer at Assets/_Game/Scripts/Runtime/Unity/ContentConversion/CatalogEntryConverter.cs:33	keep and preserve consumer evidence	-
live	SM.Content.Definitions.TeamTacticDefinition.Posture	Assets/_Game/Scripts/Runtime/Content/Definitions/TeamTacticDefinition.cs:14	Assets/_Game/Scripts/Runtime/Unity/ContentConversion/CatalogEntryConverter.cs:23	named runtime consumer at Assets/_Game/Scripts/Runtime/Unity/ContentConversion/CatalogEntryConverter.cs:23	keep and preserve consumer evidence	-
live	SM.Content.Definitions.TeamTacticDefinition.ProtectCarryBias	Assets/_Game/Scripts/Runtime/Content/Definitions/TeamTacticDefinition.cs:19	Assets/_Game/Scripts/Runtime/Unity/ContentConversion/CatalogEntryConverter.cs:28	named runtime consumer at Assets/_Game/Scripts/Runtime/Unity/ContentConversion/CatalogEntryConverter.cs:28	keep and preserve consumer evidence	-
live	SM.Content.Definitions.TeamTacticDefinition.TargetSwitchPenalty	Assets/_Game/Scripts/Runtime/Content/Definitions/TeamTacticDefinition.cs:20	Assets/_Game/Scripts/Runtime/Unity/ContentConversion/CatalogEntryConverter.cs:29	named runtime consumer at Assets/_Game/Scripts/Runtime/Unity/ContentConversion/CatalogEntryConverter.cs:29	keep and preserve consumer evidence	-
live	SM.Content.Definitions.TeamTacticDefinition.Width	Assets/_Game/Scripts/Runtime/Content/Definitions/TeamTacticDefinition.cs:22	Assets/_Game/Scripts/Runtime/Unity/ContentConversion/CatalogEntryConverter.cs:31	named runtime consumer at Assets/_Game/Scripts/Runtime/Unity/ContentConversion/CatalogEntryConverter.cs:31	keep and preserve consumer evidence	-
live	SM.Content.Definitions.TraitEntry.Id	Assets/_Game/Scripts/Runtime/Content/Definitions/TraitEntry.cs:12	Assets/_Game/Scripts/Runtime/Unity/RuntimeCombatContentLookup.cs:230	named runtime consumer at Assets/_Game/Scripts/Runtime/Unity/RuntimeCombatContentLookup.cs:230	keep and preserve consumer evidence	-
live	SM.Content.Definitions.TraitEntry.Modifiers	Assets/_Game/Scripts/Runtime/Content/Definitions/TraitEntry.cs:15	Assets/_Game/Scripts/Runtime/Unity/ContentConversion/ModifierPackageConverter.cs:19	named runtime consumer at Assets/_Game/Scripts/Runtime/Unity/ContentConversion/ModifierPackageConverter.cs:19	keep and preserve consumer evidence	-
live	SM.Content.Definitions.TraitPoolDefinition.ArchetypeId	Assets/_Game/Scripts/Runtime/Content/Definitions/TraitPoolDefinition.cs:11	Assets/_Game/Scripts/Runtime/Unity/ContentConversion/ContentConversionShared.cs:188	named runtime consumer at Assets/_Game/Scripts/Runtime/Unity/ContentConversion/ContentConversionShared.cs:188	keep and preserve consumer evidence	-
live	SM.Content.Definitions.TraitPoolDefinition.EncounterTraits	Assets/_Game/Scripts/Runtime/Content/Definitions/TraitPoolDefinition.cs:16	Assets/_Game/Scripts/Runtime/Unity/ContentConversion/SnapshotAssembler.cs:85	named runtime consumer at Assets/_Game/Scripts/Runtime/Unity/ContentConversion/SnapshotAssembler.cs:85	keep and preserve consumer evidence	-
live	SM.Content.Definitions.TraitPoolDefinition.Id	Assets/_Game/Scripts/Runtime/Content/Definitions/TraitPoolDefinition.cs:10	Assets/_Game/Scripts/Runtime/Unity/ContentConversion/ContentConversionShared.cs:193	named runtime consumer at Assets/_Game/Scripts/Runtime/Unity/ContentConversion/ContentConversionShared.cs:193	keep and preserve consumer evidence	-
live	SM.Content.Definitions.TraitPoolDefinition.NegativeTraits	Assets/_Game/Scripts/Runtime/Content/Definitions/TraitPoolDefinition.cs:13	Assets/_Game/Scripts/Runtime/Unity/RuntimeCombatContentLookup.cs:229	named runtime consumer at Assets/_Game/Scripts/Runtime/Unity/RuntimeCombatContentLookup.cs:229	keep and preserve consumer evidence	-
live	SM.Content.Definitions.TraitPoolDefinition.PositiveTraits	Assets/_Game/Scripts/Runtime/Content/Definitions/TraitPoolDefinition.cs:12	Assets/_Game/Scripts/Runtime/Unity/RuntimeCombatContentLookup.cs:229	named runtime consumer at Assets/_Game/Scripts/Runtime/Unity/RuntimeCombatContentLookup.cs:229	keep and preserve consumer evidence	-
live	SM.Content.Definitions.TraitTokenDefinition.Id	Assets/_Game/Scripts/Runtime/Content/Definitions/TraitTokenDefinition.cs:11	Assets/_Game/Scripts/Runtime/Unity/ContentConversion/ContentDefinitionRegistry.cs:308	named runtime consumer at Assets/_Game/Scripts/Runtime/Unity/ContentConversion/ContentDefinitionRegistry.cs:308	keep and preserve consumer evidence	-
live	SM.Content.Definitions.TraitTokenDefinition.RewardType	Assets/_Game/Scripts/Runtime/Content/Definitions/TraitTokenDefinition.cs:14	Assets/_Game/Scripts/Runtime/Unity/ContentConversion/RewardConverter.cs:51	named runtime consumer at Assets/_Game/Scripts/Runtime/Unity/ContentConversion/RewardConverter.cs:51	keep and preserve consumer evidence	-
live	SM.Content.Definitions.TriggeredEffectSpec.DurationSeconds	Assets/_Game/Scripts/Runtime/Content/Definitions/TriggeredEffectSpec.cs:35	Assets/_Game/Scripts/Runtime/Unity/ContentConversion/CatalogEntryConverter.cs:149	named runtime consumer at Assets/_Game/Scripts/Runtime/Unity/ContentConversion/CatalogEntryConverter.cs:149	keep and preserve consumer evidence	-
live	SM.Content.Definitions.TriggeredEffectSpec.Magnitude	Assets/_Game/Scripts/Runtime/Content/Definitions/TriggeredEffectSpec.cs:25	Assets/_Game/Scripts/Runtime/Unity/ContentConversion/CatalogEntryConverter.cs:146	named runtime consumer at Assets/_Game/Scripts/Runtime/Unity/ContentConversion/CatalogEntryConverter.cs:146	keep and preserve consumer evidence	-
live	SM.Content.Definitions.TriggeredEffectSpec.MaxStacks	Assets/_Game/Scripts/Runtime/Content/Definitions/TriggeredEffectSpec.cs:38	Assets/_Game/Scripts/Runtime/Unity/ContentConversion/CatalogEntryConverter.cs:150	named runtime consumer at Assets/_Game/Scripts/Runtime/Unity/ContentConversion/CatalogEntryConverter.cs:150	keep and preserve consumer evidence	-
live	SM.Content.Definitions.TriggeredEffectSpec.Op	Assets/_Game/Scripts/Runtime/Content/Definitions/TriggeredEffectSpec.cs:19	Assets/_Game/Scripts/Runtime/Unity/ContentConversion/CatalogEntryConverter.cs:144	named runtime consumer at Assets/_Game/Scripts/Runtime/Unity/ContentConversion/CatalogEntryConverter.cs:144	keep and preserve consumer evidence	-
live	SM.Content.Definitions.TriggeredEffectSpec.Scope	Assets/_Game/Scripts/Runtime/Content/Definitions/TriggeredEffectSpec.cs:22	Assets/_Game/Scripts/Runtime/Unity/ContentConversion/CatalogEntryConverter.cs:145	named runtime consumer at Assets/_Game/Scripts/Runtime/Unity/ContentConversion/CatalogEntryConverter.cs:145	keep and preserve consumer evidence	-
live	SM.Content.Definitions.TriggeredEffectSpec.StatusId	Assets/_Game/Scripts/Runtime/Content/Definitions/TriggeredEffectSpec.cs:32	Assets/_Game/Scripts/Runtime/Unity/ContentConversion/CatalogEntryConverter.cs:148	named runtime consumer at Assets/_Game/Scripts/Runtime/Unity/ContentConversion/CatalogEntryConverter.cs:148	keep and preserve consumer evidence	-
live	SM.Content.Definitions.TriggeredEffectSpec.ThresholdRatio	Assets/_Game/Scripts/Runtime/Content/Definitions/TriggeredEffectSpec.cs:29	Assets/_Game/Scripts/Runtime/Unity/ContentConversion/CatalogEntryConverter.cs:147	named runtime consumer at Assets/_Game/Scripts/Runtime/Unity/ContentConversion/CatalogEntryConverter.cs:147	keep and preserve consumer evidence	-
live	SM.Content.Definitions.TriggeredEffectSpec.Trigger	Assets/_Game/Scripts/Runtime/Content/Definitions/TriggeredEffectSpec.cs:16	Assets/_Game/Scripts/Runtime/Unity/ContentConversion/CatalogEntryConverter.cs:143	named runtime consumer at Assets/_Game/Scripts/Runtime/Unity/ContentConversion/CatalogEntryConverter.cs:143	keep and preserve consumer evidence	-
live	SM.Content.Definitions.UnitArchetypeDefinition.BaseAggroRadius	Assets/_Game/Scripts/Runtime/Content/Definitions/UnitArchetypeDefinition.cs:76	Assets/_Game/Scripts/Runtime/Unity/ContentConversion/ContentConversionShared.cs:85	named runtime consumer at Assets/_Game/Scripts/Runtime/Unity/ContentConversion/ContentConversionShared.cs:85	keep and preserve consumer evidence	-
live	SM.Content.Definitions.UnitArchetypeDefinition.BaseArmor	Assets/_Game/Scripts/Runtime/Content/Definitions/UnitArchetypeDefinition.cs:52	Assets/_Game/Scripts/Runtime/Unity/ContentConversion/ContentConversionShared.cs:66	named runtime consumer at Assets/_Game/Scripts/Runtime/Unity/ContentConversion/ContentConversionShared.cs:66	keep and preserve consumer evidence	-
live	SM.Content.Definitions.UnitArchetypeDefinition.BaseAttack	Assets/_Game/Scripts/Runtime/Content/Definitions/UnitArchetypeDefinition.cs:59	Assets/_Game/Scripts/Runtime/Unity/ContentConversion/ContentConversionShared.cs:71	named runtime consumer at Assets/_Game/Scripts/Runtime/Unity/ContentConversion/ContentConversionShared.cs:71	keep and preserve consumer evidence	-
live	SM.Content.Definitions.UnitArchetypeDefinition.BaseAttackCooldown	Assets/_Game/Scripts/Runtime/Content/Definitions/UnitArchetypeDefinition.cs:84	Assets/_Game/Scripts/Runtime/Unity/ContentConversion/ContentConversionShared.cs:95	named runtime consumer at Assets/_Game/Scripts/Runtime/Unity/ContentConversion/ContentConversionShared.cs:95	keep and preserve consumer evidence	-
live	SM.Content.Definitions.UnitArchetypeDefinition.BaseAttackRange	Assets/_Game/Scripts/Runtime/Content/Definitions/UnitArchetypeDefinition.cs:64	Assets/_Game/Scripts/Runtime/Unity/ContentConversion/ArchetypeConverter.cs:80	named runtime consumer at Assets/_Game/Scripts/Runtime/Unity/ContentConversion/ArchetypeConverter.cs:80	keep and preserve consumer evidence	-
live	SM.Content.Definitions.UnitArchetypeDefinition.BaseAttackSpeed	Assets/_Game/Scripts/Runtime/Content/Definitions/UnitArchetypeDefinition.cs:58	Assets/_Game/Scripts/Runtime/Unity/ContentConversion/ContentConversionShared.cs:73	named runtime consumer at Assets/_Game/Scripts/Runtime/Unity/ContentConversion/ContentConversionShared.cs:73	keep and preserve consumer evidence	-
live	SM.Content.Definitions.UnitArchetypeDefinition.BaseAttackWindup	Assets/_Game/Scripts/Runtime/Content/Definitions/UnitArchetypeDefinition.cs:79	Assets/_Game/Scripts/Runtime/Unity/ContentConversion/ContentConversionShared.cs:90	named runtime consumer at Assets/_Game/Scripts/Runtime/Unity/ContentConversion/ContentConversionShared.cs:90	keep and preserve consumer evidence	-
live	SM.Content.Definitions.UnitArchetypeDefinition.BaseBarrierPower	Assets/_Game/Scripts/Runtime/Content/Definitions/UnitArchetypeDefinition.cs:54	Assets/_Game/Scripts/Runtime/Unity/ContentConversion/ContentConversionShared.cs:68	named runtime consumer at Assets/_Game/Scripts/Runtime/Unity/ContentConversion/ContentConversionShared.cs:68	keep and preserve consumer evidence	-
live	SM.Content.Definitions.UnitArchetypeDefinition.BaseCastWindup	Assets/_Game/Scripts/Runtime/Content/Definitions/UnitArchetypeDefinition.cs:80	Assets/_Game/Scripts/Runtime/Unity/ContentConversion/ContentConversionShared.cs:91	named runtime consumer at Assets/_Game/Scripts/Runtime/Unity/ContentConversion/ContentConversionShared.cs:91	keep and preserve consumer evidence	-
live	SM.Content.Definitions.UnitArchetypeDefinition.BaseCollisionRadius	Assets/_Game/Scripts/Runtime/Content/Definitions/UnitArchetypeDefinition.cs:82	Assets/_Game/Scripts/Runtime/Unity/ContentConversion/ArchetypeConverter.cs:135	named runtime consumer at Assets/_Game/Scripts/Runtime/Unity/ContentConversion/ArchetypeConverter.cs:135	keep and preserve consumer evidence	-
live	SM.Content.Definitions.UnitArchetypeDefinition.BaseCooldownRecovery	Assets/_Game/Scripts/Runtime/Content/Definitions/UnitArchetypeDefinition.cs:71	Assets/_Game/Scripts/Runtime/Unity/ContentConversion/ContentConversionShared.cs:76	named runtime consumer at Assets/_Game/Scripts/Runtime/Unity/ContentConversion/ContentConversionShared.cs:76	keep and preserve consumer evidence	-
live	SM.Content.Definitions.UnitArchetypeDefinition.BaseCritChance	Assets/_Game/Scripts/Runtime/Content/Definitions/UnitArchetypeDefinition.cs:72	Assets/_Game/Scripts/Runtime/Unity/ContentConversion/ContentConversionShared.cs:58	named runtime consumer at Assets/_Game/Scripts/Runtime/Unity/ContentConversion/ContentConversionShared.cs:58	keep and preserve consumer evidence	-
live	SM.Content.Definitions.UnitArchetypeDefinition.BaseCritMultiplier	Assets/_Game/Scripts/Runtime/Content/Definitions/UnitArchetypeDefinition.cs:73	Assets/_Game/Scripts/Runtime/Unity/ContentConversion/ContentConversionShared.cs:61	named runtime consumer at Assets/_Game/Scripts/Runtime/Unity/ContentConversion/ContentConversionShared.cs:61	keep and preserve consumer evidence	-
live	SM.Content.Definitions.UnitArchetypeDefinition.BaseDefense	Assets/_Game/Scripts/Runtime/Content/Definitions/UnitArchetypeDefinition.cs:60	Assets/_Game/Scripts/Runtime/Unity/ContentConversion/ContentConversionShared.cs:66	named runtime consumer at Assets/_Game/Scripts/Runtime/Unity/ContentConversion/ContentConversionShared.cs:66	keep and preserve consumer evidence	-
live	SM.Content.Definitions.UnitArchetypeDefinition.BaseHealPower	Assets/_Game/Scripts/Runtime/Content/Definitions/UnitArchetypeDefinition.cs:62	Assets/_Game/Scripts/Runtime/Unity/ContentConversion/ArchetypeConverter.cs:565	named runtime consumer at Assets/_Game/Scripts/Runtime/Unity/ContentConversion/ArchetypeConverter.cs:565	keep and preserve consumer evidence	-
live	SM.Content.Definitions.UnitArchetypeDefinition.BaseLeashDistance	Assets/_Game/Scripts/Runtime/Content/Definitions/UnitArchetypeDefinition.cs:85	Assets/_Game/Scripts/Runtime/Unity/ContentConversion/ContentConversionShared.cs:86	named runtime consumer at Assets/_Game/Scripts/Runtime/Unity/ContentConversion/ContentConversionShared.cs:86	keep and preserve consumer evidence	-
live	SM.Content.Definitions.UnitArchetypeDefinition.BaseMagPen	Assets/_Game/Scripts/Runtime/Content/Definitions/UnitArchetypeDefinition.cs:75	Assets/_Game/Scripts/Runtime/Unity/ContentConversion/ContentConversionShared.cs:84	named runtime consumer at Assets/_Game/Scripts/Runtime/Unity/ContentConversion/ContentConversionShared.cs:84	keep and preserve consumer evidence	-
live	SM.Content.Definitions.UnitArchetypeDefinition.BaseMagPower	Assets/_Game/Scripts/Runtime/Content/Definitions/UnitArchetypeDefinition.cs:57	Assets/_Game/Scripts/Runtime/Unity/ContentConversion/ArchetypeConverter.cs:556	named runtime consumer at Assets/_Game/Scripts/Runtime/Unity/ContentConversion/ArchetypeConverter.cs:556	keep and preserve consumer evidence	-
live	SM.Content.Definitions.UnitArchetypeDefinition.BaseManaGainOnAttack	Assets/_Game/Scripts/Runtime/Content/Definitions/UnitArchetypeDefinition.cs:69	Assets/_Game/Scripts/Runtime/Unity/ContentConversion/ArchetypeConverter.cs:84	named runtime consumer at Assets/_Game/Scripts/Runtime/Unity/ContentConversion/ArchetypeConverter.cs:84	keep and preserve consumer evidence	-
live	SM.Content.Definitions.UnitArchetypeDefinition.BaseManaGainOnHit	Assets/_Game/Scripts/Runtime/Content/Definitions/UnitArchetypeDefinition.cs:70	Assets/_Game/Scripts/Runtime/Unity/ContentConversion/ArchetypeConverter.cs:85	named runtime consumer at Assets/_Game/Scripts/Runtime/Unity/ContentConversion/ArchetypeConverter.cs:85	keep and preserve consumer evidence	-
live	SM.Content.Definitions.UnitArchetypeDefinition.BaseManaMax	Assets/_Game/Scripts/Runtime/Content/Definitions/UnitArchetypeDefinition.cs:68	Assets/_Game/Scripts/Runtime/Unity/ContentConversion/ArchetypeConverter.cs:83	named runtime consumer at Assets/_Game/Scripts/Runtime/Unity/ContentConversion/ArchetypeConverter.cs:83	keep and preserve consumer evidence	-
live	SM.Content.Definitions.UnitArchetypeDefinition.BaseMaxEnergy	Assets/_Game/Scripts/Runtime/Content/Definitions/UnitArchetypeDefinition.cs:65	Assets/_Game/Scripts/Runtime/Unity/ContentConversion/ArchetypeConverter.cs:107	named runtime consumer at Assets/_Game/Scripts/Runtime/Unity/ContentConversion/ArchetypeConverter.cs:107	keep and preserve consumer evidence	-
live	SM.Content.Definitions.UnitArchetypeDefinition.BaseMaxHealth	Assets/_Game/Scripts/Runtime/Content/Definitions/UnitArchetypeDefinition.cs:51	Assets/_Game/Scripts/Runtime/Unity/ContentConversion/ArchetypeConverter.cs:145	named runtime consumer at Assets/_Game/Scripts/Runtime/Unity/ContentConversion/ArchetypeConverter.cs:145	keep and preserve consumer evidence	-
live	SM.Content.Definitions.UnitArchetypeDefinition.BaseMoveSpeed	Assets/_Game/Scripts/Runtime/Content/Definitions/UnitArchetypeDefinition.cs:63	Assets/_Game/Scripts/Runtime/Unity/ContentConversion/ContentConversionShared.cs:74	named runtime consumer at Assets/_Game/Scripts/Runtime/Unity/ContentConversion/ContentConversionShared.cs:74	keep and preserve consumer evidence	-
live	SM.Content.Definitions.UnitArchetypeDefinition.BasePhysPen	Assets/_Game/Scripts/Runtime/Content/Definitions/UnitArchetypeDefinition.cs:74	Assets/_Game/Scripts/Runtime/Unity/ContentConversion/ContentConversionShared.cs:83	named runtime consumer at Assets/_Game/Scripts/Runtime/Unity/ContentConversion/ContentConversionShared.cs:83	keep and preserve consumer evidence	-
live	SM.Content.Definitions.UnitArchetypeDefinition.BasePhysPower	Assets/_Game/Scripts/Runtime/Content/Definitions/UnitArchetypeDefinition.cs:56	Assets/_Game/Scripts/Runtime/Unity/ContentConversion/ArchetypeConverter.cs:556	named runtime consumer at Assets/_Game/Scripts/Runtime/Unity/ContentConversion/ArchetypeConverter.cs:556	keep and preserve consumer evidence	-
live	SM.Content.Definitions.UnitArchetypeDefinition.BasePreferredDistance	Assets/_Game/Scripts/Runtime/Content/Definitions/UnitArchetypeDefinition.cs:77	Assets/_Game/Scripts/Runtime/Unity/ContentConversion/ArchetypeConverter.cs:80	named runtime consumer at Assets/_Game/Scripts/Runtime/Unity/ContentConversion/ArchetypeConverter.cs:80	keep and preserve consumer evidence	-
live	SM.Content.Definitions.UnitArchetypeDefinition.BaseProjectileSpeed	Assets/_Game/Scripts/Runtime/Content/Definitions/UnitArchetypeDefinition.cs:81	Assets/_Game/Scripts/Runtime/Unity/ContentConversion/ContentConversionShared.cs:92	named runtime consumer at Assets/_Game/Scripts/Runtime/Unity/ContentConversion/ContentConversionShared.cs:92	keep and preserve consumer evidence	-
live	SM.Content.Definitions.UnitArchetypeDefinition.BaseProtectRadius	Assets/_Game/Scripts/Runtime/Content/Definitions/UnitArchetypeDefinition.cs:78	Assets/_Game/Scripts/Runtime/Unity/ContentConversion/ArchetypeConverter.cs:81	named runtime consumer at Assets/_Game/Scripts/Runtime/Unity/ContentConversion/ArchetypeConverter.cs:81	keep and preserve consumer evidence	-
live	SM.Content.Definitions.UnitArchetypeDefinition.BaseRepositionCooldown	Assets/_Game/Scripts/Runtime/Content/Definitions/UnitArchetypeDefinition.cs:83	Assets/_Game/Scripts/Runtime/Unity/ContentConversion/ContentConversionShared.cs:94	named runtime consumer at Assets/_Game/Scripts/Runtime/Unity/ContentConversion/ContentConversionShared.cs:94	keep and preserve consumer evidence	-
live	SM.Content.Definitions.UnitArchetypeDefinition.BaseResist	Assets/_Game/Scripts/Runtime/Content/Definitions/UnitArchetypeDefinition.cs:53	Assets/_Game/Scripts/Runtime/Unity/ContentConversion/ContentConversionShared.cs:67	named runtime consumer at Assets/_Game/Scripts/Runtime/Unity/ContentConversion/ContentConversionShared.cs:67	keep and preserve consumer evidence	-
live	SM.Content.Definitions.UnitArchetypeDefinition.BaseSkillHaste	Assets/_Game/Scripts/Runtime/Content/Definitions/UnitArchetypeDefinition.cs:67	Assets/_Game/Scripts/Runtime/Unity/ContentConversion/ContentConversionShared.cs:76	named runtime consumer at Assets/_Game/Scripts/Runtime/Unity/ContentConversion/ContentConversionShared.cs:76	keep and preserve consumer evidence	-
live	SM.Content.Definitions.UnitArchetypeDefinition.BaseSpeed	Assets/_Game/Scripts/Runtime/Content/Definitions/UnitArchetypeDefinition.cs:61	Assets/_Game/Scripts/Runtime/Unity/ContentConversion/ContentConversionShared.cs:73	named runtime consumer at Assets/_Game/Scripts/Runtime/Unity/ContentConversion/ContentConversionShared.cs:73	keep and preserve consumer evidence	-
live	SM.Content.Definitions.UnitArchetypeDefinition.BaseStartingEnergy	Assets/_Game/Scripts/Runtime/Content/Definitions/UnitArchetypeDefinition.cs:66	Assets/_Game/Scripts/Runtime/Unity/ContentConversion/ArchetypeConverter.cs:108	named runtime consumer at Assets/_Game/Scripts/Runtime/Unity/ContentConversion/ArchetypeConverter.cs:108	keep and preserve consumer evidence	-
live	SM.Content.Definitions.UnitArchetypeDefinition.BaseTargetSwitchDelay	Assets/_Game/Scripts/Runtime/Content/Definitions/UnitArchetypeDefinition.cs:86	Assets/_Game/Scripts/Runtime/Unity/ContentConversion/ContentConversionShared.cs:87	named runtime consumer at Assets/_Game/Scripts/Runtime/Unity/ContentConversion/ContentConversionShared.cs:87	keep and preserve consumer evidence	-
live	SM.Content.Definitions.UnitArchetypeDefinition.BaseTenacity	Assets/_Game/Scripts/Runtime/Content/Definitions/UnitArchetypeDefinition.cs:55	Assets/_Game/Scripts/Runtime/Unity/ContentConversion/ContentConversionShared.cs:69	named runtime consumer at Assets/_Game/Scripts/Runtime/Unity/ContentConversion/ContentConversionShared.cs:69	keep and preserve consumer evidence	-
live	SM.Content.Definitions.UnitArchetypeDefinition.BehaviorProfile	Assets/_Game/Scripts/Runtime/Content/Definitions/UnitArchetypeDefinition.cs:49	Assets/_Game/Scripts/Runtime/Unity/ContentConversion/ArchetypeConverter.cs:196	named runtime consumer at Assets/_Game/Scripts/Runtime/Unity/ContentConversion/ArchetypeConverter.cs:196	keep and preserve consumer evidence	-
live	SM.Content.Definitions.UnitArchetypeDefinition.BudgetCard	Assets/_Game/Scripts/Runtime/Content/Definitions/UnitArchetypeDefinition.cs:28	Assets/_Game/Scripts/Runtime/Unity/ContentConversion/ArchetypeConverter.cs:112	named runtime consumer at Assets/_Game/Scripts/Runtime/Unity/ContentConversion/ArchetypeConverter.cs:112	keep and preserve consumer evidence	-
live	SM.Content.Definitions.UnitArchetypeDefinition.Class	Assets/_Game/Scripts/Runtime/Content/Definitions/UnitArchetypeDefinition.cs:17	Assets/_Game/Scripts/Runtime/Unity/LaunchCoreRosterBaselineCatalog.cs:50	named runtime consumer at Assets/_Game/Scripts/Runtime/Unity/LaunchCoreRosterBaselineCatalog.cs:50	keep and preserve consumer evidence	-
live	SM.Content.Definitions.UnitArchetypeDefinition.DefaultAnchor	Assets/_Game/Scripts/Runtime/Content/Definitions/UnitArchetypeDefinition.cs:21	Assets/_Game/Scripts/Runtime/Unity/ContentConversion/ArchetypeConverter.cs:63	named runtime consumer at Assets/_Game/Scripts/Runtime/Unity/ContentConversion/ArchetypeConverter.cs:63	keep and preserve consumer evidence	-
live	SM.Content.Definitions.UnitArchetypeDefinition.DefaultDominantHand	Assets/_Game/Scripts/Runtime/Content/Definitions/UnitArchetypeDefinition.cs:26	Assets/_Game/Scripts/Runtime/Unity/ContentConversion/ArchetypeConverter.cs:113	named runtime consumer at Assets/_Game/Scripts/Runtime/Unity/ContentConversion/ArchetypeConverter.cs:113	keep and preserve consumer evidence	-
live	SM.Content.Definitions.UnitArchetypeDefinition.FlexSupportSkillPool	Assets/_Game/Scripts/Runtime/Content/Definitions/UnitArchetypeDefinition.cs:43	Assets/_Game/Scripts/Runtime/Unity/LaunchCoreRosterBaselineCatalog.cs:149	named runtime consumer at Assets/_Game/Scripts/Runtime/Unity/LaunchCoreRosterBaselineCatalog.cs:149	keep and preserve consumer evidence	-
live	SM.Content.Definitions.UnitArchetypeDefinition.FlexUtilitySkillPool	Assets/_Game/Scripts/Runtime/Content/Definitions/UnitArchetypeDefinition.cs:42	Assets/_Game/Scripts/Runtime/Unity/LaunchCoreRosterBaselineCatalog.cs:134	named runtime consumer at Assets/_Game/Scripts/Runtime/Unity/LaunchCoreRosterBaselineCatalog.cs:134	keep and preserve consumer evidence	-
live	SM.Content.Definitions.UnitArchetypeDefinition.FootprintProfile	Assets/_Game/Scripts/Runtime/Content/Definitions/UnitArchetypeDefinition.cs:48	Assets/_Game/Scripts/Runtime/Unity/ContentConversion/ArchetypeConverter.cs:119	named runtime consumer at Assets/_Game/Scripts/Runtime/Unity/ContentConversion/ArchetypeConverter.cs:119	keep and preserve consumer evidence	-
live	SM.Content.Definitions.UnitArchetypeDefinition.Id	Assets/_Game/Scripts/Runtime/Content/Definitions/UnitArchetypeDefinition.cs:13	Assets/_Game/Scripts/Runtime/Unity/LaunchCoreRosterBaselineCatalog.cs:53	named runtime consumer at Assets/_Game/Scripts/Runtime/Unity/LaunchCoreRosterBaselineCatalog.cs:53	keep and preserve consumer evidence	-
live	SM.Content.Definitions.UnitArchetypeDefinition.IsBossOnly	Assets/_Game/Scripts/Runtime/Content/Definitions/UnitArchetypeDefinition.cs:32	Assets/_Game/Scripts/Runtime/Unity/ContentConversion/ArchetypeConverter.cs:91	named runtime consumer at Assets/_Game/Scripts/Runtime/Unity/ContentConversion/ArchetypeConverter.cs:91	keep and preserve consumer evidence	-
live	SM.Content.Definitions.UnitArchetypeDefinition.IsEventOnly	Assets/_Game/Scripts/Runtime/Content/Definitions/UnitArchetypeDefinition.cs:31	Assets/_Game/Scripts/Runtime/Unity/ContentConversion/ArchetypeConverter.cs:90	named runtime consumer at Assets/_Game/Scripts/Runtime/Unity/ContentConversion/ArchetypeConverter.cs:90	keep and preserve consumer evidence	-
live	SM.Content.Definitions.UnitArchetypeDefinition.IsRecruitable	Assets/_Game/Scripts/Runtime/Content/Definitions/UnitArchetypeDefinition.cs:29	Assets/_Game/Scripts/Runtime/Unity/ContentConversion/ArchetypeConverter.cs:88	named runtime consumer at Assets/_Game/Scripts/Runtime/Unity/ContentConversion/ArchetypeConverter.cs:88	keep and preserve consumer evidence	-
live	SM.Content.Definitions.UnitArchetypeDefinition.IsSummonOnly	Assets/_Game/Scripts/Runtime/Content/Definitions/UnitArchetypeDefinition.cs:30	Assets/_Game/Scripts/Runtime/Unity/ContentConversion/ArchetypeConverter.cs:89	named runtime consumer at Assets/_Game/Scripts/Runtime/Unity/ContentConversion/ArchetypeConverter.cs:89	keep and preserve consumer evidence	-
live	SM.Content.Definitions.UnitArchetypeDefinition.IsTestOnly	Assets/_Game/Scripts/Runtime/Content/Definitions/UnitArchetypeDefinition.cs:34	Assets/_Game/Scripts/Runtime/Unity/ContentConversion/ArchetypeConverter.cs:93	named runtime consumer at Assets/_Game/Scripts/Runtime/Unity/ContentConversion/ArchetypeConverter.cs:93	keep and preserve consumer evidence	-
live	SM.Content.Definitions.UnitArchetypeDefinition.IsUnreleased	Assets/_Game/Scripts/Runtime/Content/Definitions/UnitArchetypeDefinition.cs:33	Assets/_Game/Scripts/Runtime/Unity/ContentConversion/ArchetypeConverter.cs:92	named runtime consumer at Assets/_Game/Scripts/Runtime/Unity/ContentConversion/ArchetypeConverter.cs:92	keep and preserve consumer evidence	-
live	SM.Content.Definitions.UnitArchetypeDefinition.Loadout	Assets/_Game/Scripts/Runtime/Content/Definitions/UnitArchetypeDefinition.cs:47	Assets/_Game/Scripts/Runtime/Unity/LaunchCoreRosterBaselineCatalog.cs:125	named runtime consumer at Assets/_Game/Scripts/Runtime/Unity/LaunchCoreRosterBaselineCatalog.cs:125	keep and preserve consumer evidence	-
live	SM.Content.Definitions.UnitArchetypeDefinition.LockedAttackProfileId	Assets/_Game/Scripts/Runtime/Content/Definitions/UnitArchetypeDefinition.cs:38	Assets/_Game/Scripts/Runtime/Unity/ContentConversion/SkillConverter.cs:325	named runtime consumer at Assets/_Game/Scripts/Runtime/Unity/ContentConversion/SkillConverter.cs:325	keep and preserve consumer evidence	-
live	SM.Content.Definitions.UnitArchetypeDefinition.LockedAttackProfileTag	Assets/_Game/Scripts/Runtime/Content/Definitions/UnitArchetypeDefinition.cs:39	Assets/_Game/Scripts/Runtime/Unity/ContentConversion/SkillConverter.cs:325	named runtime consumer at Assets/_Game/Scripts/Runtime/Unity/ContentConversion/SkillConverter.cs:325	keep and preserve consumer evidence	-
live	SM.Content.Definitions.UnitArchetypeDefinition.LockedSignatureActiveSkill	Assets/_Game/Scripts/Runtime/Content/Definitions/UnitArchetypeDefinition.cs:40	Assets/_Game/Scripts/Runtime/Unity/LaunchCoreRosterBaselineCatalog.cs:126	named runtime consumer at Assets/_Game/Scripts/Runtime/Unity/LaunchCoreRosterBaselineCatalog.cs:126	keep and preserve consumer evidence	-
live	SM.Content.Definitions.UnitArchetypeDefinition.LockedSignaturePassiveSkill	Assets/_Game/Scripts/Runtime/Content/Definitions/UnitArchetypeDefinition.cs:41	Assets/_Game/Scripts/Runtime/Unity/LaunchCoreRosterBaselineCatalog.cs:141	named runtime consumer at Assets/_Game/Scripts/Runtime/Unity/LaunchCoreRosterBaselineCatalog.cs:141	keep and preserve consumer evidence	-
live	SM.Content.Definitions.UnitArchetypeDefinition.MobilityProfile	Assets/_Game/Scripts/Runtime/Content/Definitions/UnitArchetypeDefinition.cs:50	Assets/_Game/Scripts/Runtime/Unity/ContentConversion/ArchetypeConverter.cs:233	named runtime consumer at Assets/_Game/Scripts/Runtime/Unity/ContentConversion/ArchetypeConverter.cs:233	keep and preserve consumer evidence	-
live	SM.Content.Definitions.UnitArchetypeDefinition.PreferredTeamPosture	Assets/_Game/Scripts/Runtime/Content/Definitions/UnitArchetypeDefinition.cs:22	Assets/_Game/Scripts/Runtime/Unity/LaunchCoreRosterBaselineCatalog.cs:51	named runtime consumer at Assets/_Game/Scripts/Runtime/Unity/LaunchCoreRosterBaselineCatalog.cs:51	keep and preserve consumer evidence	-
live	SM.Content.Definitions.UnitArchetypeDefinition.PrimaryWeaponFamilyTag	Assets/_Game/Scripts/Runtime/Content/Definitions/UnitArchetypeDefinition.cs:25	Assets/_Game/Scripts/Runtime/Unity/ContentConversion/SkillConverter.cs:209	named runtime consumer at Assets/_Game/Scripts/Runtime/Unity/ContentConversion/SkillConverter.cs:209	keep and preserve consumer evidence	-
live	SM.Content.Definitions.UnitArchetypeDefinition.Race	Assets/_Game/Scripts/Runtime/Content/Definitions/UnitArchetypeDefinition.cs:16	Assets/_Game/Scripts/Runtime/Unity/LaunchCoreRosterBaselineCatalog.cs:49	named runtime consumer at Assets/_Game/Scripts/Runtime/Unity/LaunchCoreRosterBaselineCatalog.cs:49	keep and preserve consumer evidence	-
live	SM.Content.Definitions.UnitArchetypeDefinition.RecruitBannedPairings	Assets/_Game/Scripts/Runtime/Content/Definitions/UnitArchetypeDefinition.cs:46	Assets/_Game/Scripts/Runtime/Unity/ContentConversion/ArchetypeConverter.cs:516	named runtime consumer at Assets/_Game/Scripts/Runtime/Unity/ContentConversion/ArchetypeConverter.cs:516	keep and preserve consumer evidence	-
live	SM.Content.Definitions.UnitArchetypeDefinition.RecruitFlexActivePool	Assets/_Game/Scripts/Runtime/Content/Definitions/UnitArchetypeDefinition.cs:44	Assets/_Game/Scripts/Runtime/Unity/LaunchCoreRosterBaselineCatalog.cs:133	named runtime consumer at Assets/_Game/Scripts/Runtime/Unity/LaunchCoreRosterBaselineCatalog.cs:133	keep and preserve consumer evidence	-
live	SM.Content.Definitions.UnitArchetypeDefinition.RecruitFlexPassivePool	Assets/_Game/Scripts/Runtime/Content/Definitions/UnitArchetypeDefinition.cs:45	Assets/_Game/Scripts/Runtime/Unity/LaunchCoreRosterBaselineCatalog.cs:148	named runtime consumer at Assets/_Game/Scripts/Runtime/Unity/LaunchCoreRosterBaselineCatalog.cs:148	keep and preserve consumer evidence	-
live	SM.Content.Definitions.UnitArchetypeDefinition.RecruitPlanTags	Assets/_Game/Scripts/Runtime/Content/Definitions/UnitArchetypeDefinition.cs:35	Assets/_Game/Scripts/Runtime/Unity/ContentConversion/ArchetypeConverter.cs:496	named runtime consumer at Assets/_Game/Scripts/Runtime/Unity/ContentConversion/ArchetypeConverter.cs:496	keep and preserve consumer evidence	-
live	SM.Content.Definitions.UnitArchetypeDefinition.RecruitTier	Assets/_Game/Scripts/Runtime/Content/Definitions/UnitArchetypeDefinition.cs:27	Assets/_Game/Scripts/Runtime/Unity/ContentConversion/ArchetypeConverter.cs:491	named runtime consumer at Assets/_Game/Scripts/Runtime/Unity/ContentConversion/ArchetypeConverter.cs:491	keep and preserve consumer evidence	-
live	SM.Content.Definitions.UnitArchetypeDefinition.RoleTag	Assets/_Game/Scripts/Runtime/Content/Definitions/UnitArchetypeDefinition.cs:23	Assets/_Game/Scripts/Runtime/Unity/ContentConversion/ArchetypeConverter.cs:76	named runtime consumer at Assets/_Game/Scripts/Runtime/Unity/ContentConversion/ArchetypeConverter.cs:76	keep and preserve consumer evidence	-
live	SM.Content.Definitions.UnitArchetypeDefinition.ScoutBiasTags	Assets/_Game/Scripts/Runtime/Content/Definitions/UnitArchetypeDefinition.cs:36	Assets/_Game/Scripts/Runtime/Unity/ContentConversion/ArchetypeConverter.cs:506	named runtime consumer at Assets/_Game/Scripts/Runtime/Unity/ContentConversion/ArchetypeConverter.cs:506	keep and preserve consumer evidence	-
live	SM.Content.Definitions.UnitArchetypeDefinition.Skills	Assets/_Game/Scripts/Runtime/Content/Definitions/UnitArchetypeDefinition.cs:19	Assets/_Game/Scripts/Runtime/Unity/ContentConversion/ArchetypeConverter.cs:278	named runtime consumer at Assets/_Game/Scripts/Runtime/Unity/ContentConversion/ArchetypeConverter.cs:278	keep and preserve consumer evidence	-
live	SM.Content.Definitions.UnitArchetypeDefinition.TacticPreset	Assets/_Game/Scripts/Runtime/Content/Definitions/UnitArchetypeDefinition.cs:20	Assets/_Game/Scripts/Runtime/Unity/ContentConversion/ArchetypeConverter.cs:65	named runtime consumer at Assets/_Game/Scripts/Runtime/Unity/ContentConversion/ArchetypeConverter.cs:65	keep and preserve consumer evidence	-
live	SM.Content.Definitions.UnitArchetypeDefinition.TraitPool	Assets/_Game/Scripts/Runtime/Content/Definitions/UnitArchetypeDefinition.cs:18	Assets/_Game/Scripts/Runtime/Unity/ContentConversion/ContentDefinitionRegistry.cs:257	named runtime consumer at Assets/_Game/Scripts/Runtime/Unity/ContentConversion/ContentDefinitionRegistry.cs:257	keep and preserve consumer evidence	-
live	SM.Content.Definitions.UnitLoadoutDefinition.BasicAttack	Assets/_Game/Scripts/Runtime/Content/Definitions/UnitLoadoutDefinition.cs:10	Assets/_Game/Scripts/Runtime/Unity/ContentConversion/SkillConverter.cs:192	named runtime consumer at Assets/_Game/Scripts/Runtime/Unity/ContentConversion/SkillConverter.cs:192	keep and preserve consumer evidence	-
live	SM.Content.Definitions.UnitLoadoutDefinition.MobilityReaction	Assets/_Game/Scripts/Runtime/Content/Definitions/UnitLoadoutDefinition.cs:15	Assets/_Game/Scripts/Runtime/Unity/ContentConversion/ArchetypeConverter.cs:407	named runtime consumer at Assets/_Game/Scripts/Runtime/Unity/ContentConversion/ArchetypeConverter.cs:407	keep and preserve consumer evidence	-
live	SM.Content.Definitions.WarWoundBalanceDefinition.ApplyWoundOnLoss	Assets/_Game/Scripts/Runtime/Content/Definitions/WarWoundBalanceDefinition.cs:26	Assets/_Game/Scripts/Runtime/Unity/ContentConversion/WarWoundConverter.cs:19	named runtime consumer at Assets/_Game/Scripts/Runtime/Unity/ContentConversion/WarWoundConverter.cs:19	keep and preserve consumer evidence	-
live	SM.Content.Definitions.WarWoundBalanceDefinition.Id	Assets/_Game/Scripts/Runtime/Content/Definitions/WarWoundBalanceDefinition.cs:9	Assets/_Game/Scripts/Runtime/Unity/ContentConversion/ContentDefinitionRegistry.cs:318	named runtime consumer at Assets/_Game/Scripts/Runtime/Unity/ContentConversion/ContentDefinitionRegistry.cs:318	keep and preserve consumer evidence	-
live	SM.Content.Definitions.WarWoundBalanceDefinition.MaxActiveWounds	Assets/_Game/Scripts/Runtime/Content/Definitions/WarWoundBalanceDefinition.cs:21	Assets/_Game/Scripts/Runtime/Unity/ContentConversion/WarWoundConverter.cs:17	named runtime consumer at Assets/_Game/Scripts/Runtime/Unity/ContentConversion/WarWoundConverter.cs:17	keep and preserve consumer evidence	-
live	SM.Content.Definitions.WarWoundBalanceDefinition.MaxWoundsAppliedPerBattle	Assets/_Game/Scripts/Runtime/Content/Definitions/WarWoundBalanceDefinition.cs:18	Assets/_Game/Scripts/Runtime/Unity/ContentConversion/WarWoundConverter.cs:16	named runtime consumer at Assets/_Game/Scripts/Runtime/Unity/ContentConversion/WarWoundConverter.cs:16	keep and preserve consumer evidence	-
live	SM.Content.Definitions.WarWoundBalanceDefinition.WoundAbilityScalar	Assets/_Game/Scripts/Runtime/Content/Definitions/WarWoundBalanceDefinition.cs:15	Assets/_Game/Scripts/Runtime/Unity/ContentConversion/WarWoundConverter.cs:15	named runtime consumer at Assets/_Game/Scripts/Runtime/Unity/ContentConversion/WarWoundConverter.cs:15	keep and preserve consumer evidence	-
live	SM.Content.Definitions.WarWoundBalanceDefinition.WoundStacksPerUnitMax	Assets/_Game/Scripts/Runtime/Content/Definitions/WarWoundBalanceDefinition.cs:24	Assets/_Game/Scripts/Runtime/Unity/ContentConversion/WarWoundConverter.cs:18	named runtime consumer at Assets/_Game/Scripts/Runtime/Unity/ContentConversion/WarWoundConverter.cs:18	keep and preserve consumer evidence	-
live	SM.Content.Definitions.WarWoundBalanceDefinition.WoundTriggerHpRatio	Assets/_Game/Scripts/Runtime/Content/Definitions/WarWoundBalanceDefinition.cs:12	Assets/_Game/Scripts/Runtime/Unity/ContentConversion/WarWoundConverter.cs:14	named runtime consumer at Assets/_Game/Scripts/Runtime/Unity/ContentConversion/WarWoundConverter.cs:14	keep and preserve consumer evidence	-
live	SM.Content.DialogueLineDefinition._autoAdvanceHint	Assets/_Game/Scripts/Runtime/Content/DialogueLineDefinition.cs:14	Assets/_Game/Scripts/Runtime/Content/DialogueLineDefinition.cs:21	named runtime consumer at Assets/_Game/Scripts/Runtime/Content/DialogueLineDefinition.cs:21	keep and preserve consumer evidence	-
live	SM.Content.DialogueLineDefinition._emote	Assets/_Game/Scripts/Runtime/Content/DialogueLineDefinition.cs:12	Assets/_Game/Scripts/Runtime/Content/DialogueLineDefinition.cs:19	named runtime consumer at Assets/_Game/Scripts/Runtime/Content/DialogueLineDefinition.cs:19	keep and preserve consumer evidence	-
live	SM.Content.DialogueLineDefinition._id	Assets/_Game/Scripts/Runtime/Content/DialogueLineDefinition.cs:9	Assets/_Game/Scripts/Runtime/Content/DialogueLineDefinition.cs:16	named runtime consumer at Assets/_Game/Scripts/Runtime/Content/DialogueLineDefinition.cs:16	keep and preserve consumer evidence	-
live	SM.Content.DialogueLineDefinition._speakerId	Assets/_Game/Scripts/Runtime/Content/DialogueLineDefinition.cs:10	Assets/_Game/Scripts/Runtime/Content/DialogueLineDefinition.cs:17	named runtime consumer at Assets/_Game/Scripts/Runtime/Content/DialogueLineDefinition.cs:17	keep and preserve consumer evidence	-
live	SM.Content.DialogueSequenceDefinition._id	Assets/_Game/Scripts/Runtime/Content/DialogueSequenceDefinition.cs:10	Assets/_Game/Scripts/Runtime/Content/DialogueSequenceDefinition.cs:13	named runtime consumer at Assets/_Game/Scripts/Runtime/Content/DialogueSequenceDefinition.cs:13	keep and preserve consumer evidence	-
live	SM.Content.DialogueSequenceDefinition._lines	Assets/_Game/Scripts/Runtime/Content/DialogueSequenceDefinition.cs:11	Assets/_Game/Scripts/Runtime/Content/DialogueSequenceDefinition.cs:14	named runtime consumer at Assets/_Game/Scripts/Runtime/Content/DialogueSequenceDefinition.cs:14	keep and preserve consumer evidence	-
live	SM.Content.HeroLoreDefinition._beatBudget	Assets/_Game/Scripts/Runtime/Content/HeroLoreDefinition.cs:13	Assets/_Game/Scripts/Runtime/Content/HeroLoreDefinition.cs:20	named runtime consumer at Assets/_Game/Scripts/Runtime/Content/HeroLoreDefinition.cs:20	keep and preserve consumer evidence	-
live	SM.Content.HeroLoreDefinition._canonBio	Assets/_Game/Scripts/Runtime/Content/HeroLoreDefinition.cs:14	Assets/_Game/Scripts/Runtime/Content/HeroLoreDefinition.cs:21	named runtime consumer at Assets/_Game/Scripts/Runtime/Content/HeroLoreDefinition.cs:21	keep and preserve consumer evidence	-
live	SM.Content.HeroLoreDefinition._heroId	Assets/_Game/Scripts/Runtime/Content/HeroLoreDefinition.cs:11	Assets/_Game/Scripts/Runtime/Content/HeroLoreDefinition.cs:18	named runtime consumer at Assets/_Game/Scripts/Runtime/Content/HeroLoreDefinition.cs:18	keep and preserve consumer evidence	-
live	SM.Content.HeroLoreDefinition._id	Assets/_Game/Scripts/Runtime/Content/HeroLoreDefinition.cs:10	Assets/_Game/Scripts/Runtime/Content/HeroLoreDefinition.cs:17	named runtime consumer at Assets/_Game/Scripts/Runtime/Content/HeroLoreDefinition.cs:17	keep and preserve consumer evidence	-
live	SM.Content.HeroLoreDefinition._tier	Assets/_Game/Scripts/Runtime/Content/HeroLoreDefinition.cs:12	Assets/_Game/Scripts/Runtime/Content/HeroLoreDefinition.cs:19	named runtime consumer at Assets/_Game/Scripts/Runtime/Content/HeroLoreDefinition.cs:19	keep and preserve consumer evidence	-
live	SM.Content.StoryConditionDefinition._id	Assets/_Game/Scripts/Runtime/Content/StoryConditionDefinition.cs:10	Assets/_Game/Scripts/Runtime/Content/StoryConditionDefinition.cs:15	named runtime consumer at Assets/_Game/Scripts/Runtime/Content/StoryConditionDefinition.cs:15	keep and preserve consumer evidence	-
live	SM.Content.StoryConditionDefinition._kind	Assets/_Game/Scripts/Runtime/Content/StoryConditionDefinition.cs:11	Assets/_Game/Scripts/Runtime/Content/StoryConditionDefinition.cs:16	named runtime consumer at Assets/_Game/Scripts/Runtime/Content/StoryConditionDefinition.cs:16	keep and preserve consumer evidence	-
live	SM.Content.StoryConditionDefinition._operandA	Assets/_Game/Scripts/Runtime/Content/StoryConditionDefinition.cs:12	Assets/_Game/Scripts/Runtime/Content/StoryConditionDefinition.cs:17	named runtime consumer at Assets/_Game/Scripts/Runtime/Content/StoryConditionDefinition.cs:17	keep and preserve consumer evidence	-
live	SM.Content.StoryConditionDefinition._operandB	Assets/_Game/Scripts/Runtime/Content/StoryConditionDefinition.cs:13	Assets/_Game/Scripts/Runtime/Content/StoryConditionDefinition.cs:18	named runtime consumer at Assets/_Game/Scripts/Runtime/Content/StoryConditionDefinition.cs:18	keep and preserve consumer evidence	-
live	SM.Content.StoryEffectDefinition._id	Assets/_Game/Scripts/Runtime/Content/StoryEffectDefinition.cs:10	Assets/_Game/Scripts/Runtime/Content/StoryEffectDefinition.cs:14	named runtime consumer at Assets/_Game/Scripts/Runtime/Content/StoryEffectDefinition.cs:14	keep and preserve consumer evidence	-
live	SM.Content.StoryEffectDefinition._kind	Assets/_Game/Scripts/Runtime/Content/StoryEffectDefinition.cs:11	Assets/_Game/Scripts/Runtime/Content/StoryEffectDefinition.cs:15	named runtime consumer at Assets/_Game/Scripts/Runtime/Content/StoryEffectDefinition.cs:15	keep and preserve consumer evidence	-
live	SM.Content.StoryEffectDefinition._payload	Assets/_Game/Scripts/Runtime/Content/StoryEffectDefinition.cs:12	Assets/_Game/Scripts/Runtime/Content/StoryEffectDefinition.cs:16	named runtime consumer at Assets/_Game/Scripts/Runtime/Content/StoryEffectDefinition.cs:16	keep and preserve consumer evidence	-
live	SM.Content.StoryEventDefinition._conditions	Assets/_Game/Scripts/Runtime/Content/StoryEventDefinition.cs:15	Assets/_Game/Scripts/Runtime/Content/StoryEventDefinition.cs:23	named runtime consumer at Assets/_Game/Scripts/Runtime/Content/StoryEventDefinition.cs:23	keep and preserve consumer evidence	-
live	SM.Content.StoryEventDefinition._effects	Assets/_Game/Scripts/Runtime/Content/StoryEventDefinition.cs:16	Assets/_Game/Scripts/Runtime/Content/StoryEventDefinition.cs:24	named runtime consumer at Assets/_Game/Scripts/Runtime/Content/StoryEventDefinition.cs:24	keep and preserve consumer evidence	-
live	SM.Content.StoryEventDefinition._id	Assets/_Game/Scripts/Runtime/Content/StoryEventDefinition.cs:11	Assets/_Game/Scripts/Runtime/Content/StoryEventDefinition.cs:19	named runtime consumer at Assets/_Game/Scripts/Runtime/Content/StoryEventDefinition.cs:19	keep and preserve consumer evidence	-
live	SM.Content.StoryEventDefinition._moment	Assets/_Game/Scripts/Runtime/Content/StoryEventDefinition.cs:12	Assets/_Game/Scripts/Runtime/Content/StoryEventDefinition.cs:20	named runtime consumer at Assets/_Game/Scripts/Runtime/Content/StoryEventDefinition.cs:20	keep and preserve consumer evidence	-
live	SM.Content.StoryEventDefinition._oncePolicy	Assets/_Game/Scripts/Runtime/Content/StoryEventDefinition.cs:14	Assets/_Game/Scripts/Runtime/Content/StoryEventDefinition.cs:22	named runtime consumer at Assets/_Game/Scripts/Runtime/Content/StoryEventDefinition.cs:22	keep and preserve consumer evidence	-
live	SM.Content.StoryEventDefinition._presentationKey	Assets/_Game/Scripts/Runtime/Content/StoryEventDefinition.cs:17	Assets/_Game/Scripts/Runtime/Content/StoryEventDefinition.cs:25	named runtime consumer at Assets/_Game/Scripts/Runtime/Content/StoryEventDefinition.cs:25	keep and preserve consumer evidence	-
live	SM.Content.StoryEventDefinition._priority	Assets/_Game/Scripts/Runtime/Content/StoryEventDefinition.cs:13	Assets/_Game/Scripts/Runtime/Content/StoryEventDefinition.cs:21	named runtime consumer at Assets/_Game/Scripts/Runtime/Content/StoryEventDefinition.cs:21	keep and preserve consumer evidence	-
live	SM.Core.Content.BudgetCard.DeclaredCounterTools	Assets/_Game/Scripts/Runtime/Core/Content/ContentSchema.cs:386	Assets/_Game/Scripts/Runtime/Unity/ContentConversion/ContentConversionShared.cs:29	named runtime consumer at Assets/_Game/Scripts/Runtime/Unity/ContentConversion/ContentConversionShared.cs:29	keep and preserve consumer evidence	-
live	SM.Core.Content.BudgetCard.DeclaredFeatureFlags	Assets/_Game/Scripts/Runtime/Core/Content/ContentSchema.cs:387	Assets/_Game/Scripts/Runtime/Unity/ContentConversion/ContentConversionShared.cs:31	named runtime consumer at Assets/_Game/Scripts/Runtime/Unity/ContentConversion/ContentConversionShared.cs:31	keep and preserve consumer evidence	-
live	SM.Core.Content.BudgetCard.DeclaredThreatPatterns	Assets/_Game/Scripts/Runtime/Core/Content/ContentSchema.cs:385	Assets/_Game/Scripts/Runtime/Unity/ContentConversion/ContentConversionShared.cs:28	named runtime consumer at Assets/_Game/Scripts/Runtime/Unity/ContentConversion/ContentConversionShared.cs:28	keep and preserve consumer evidence	-
live	SM.Core.Content.BudgetCard.PowerBand	Assets/_Game/Scripts/Runtime/Core/Content/ContentSchema.cs:379	Assets/_Game/Scripts/Runtime/Unity/ContentConversion/ContentConversionShared.cs:25	named runtime consumer at Assets/_Game/Scripts/Runtime/Unity/ContentConversion/ContentConversionShared.cs:25	keep and preserve consumer evidence	-
live	SM.Core.Content.BudgetCard.Rarity	Assets/_Game/Scripts/Runtime/Core/Content/ContentSchema.cs:378	Assets/_Game/Scripts/Runtime/Unity/ContentConversion/ArchetypeConverter.cs:486	named runtime consumer at Assets/_Game/Scripts/Runtime/Unity/ContentConversion/ArchetypeConverter.cs:486	keep and preserve consumer evidence	-
live	SM.Core.Content.BudgetCard.RoleProfile	Assets/_Game/Scripts/Runtime/Core/Content/ContentSchema.cs:380	Assets/_Game/Scripts/Runtime/Unity/ContentConversion/ContentConversionShared.cs:26	named runtime consumer at Assets/_Game/Scripts/Runtime/Unity/ContentConversion/ContentConversionShared.cs:26	keep and preserve consumer evidence	-
live	SM.Core.Content.BudgetCard.Vector	Assets/_Game/Scripts/Runtime/Core/Content/ContentSchema.cs:381	Assets/_Game/Scripts/Runtime/Unity/ContentConversion/ContentConversionShared.cs:27	named runtime consumer at Assets/_Game/Scripts/Runtime/Unity/ContentConversion/ContentConversionShared.cs:27	keep and preserve consumer evidence	-
live	SM.Core.Content.BudgetVector.BurstDamage	Assets/_Game/Scripts/Runtime/Core/Content/ContentSchema.cs:284	Assets/_Game/Scripts/Runtime/Core/Content/ContentSchema.cs:296	named runtime consumer at Assets/_Game/Scripts/Runtime/Core/Content/ContentSchema.cs:296	keep and preserve consumer evidence	-
live	SM.Core.Content.BudgetVector.Control	Assets/_Game/Scripts/Runtime/Core/Content/ContentSchema.cs:286	Assets/_Game/Scripts/Runtime/Core/Content/ContentSchema.cs:298	named runtime consumer at Assets/_Game/Scripts/Runtime/Core/Content/ContentSchema.cs:298	keep and preserve consumer evidence	-
live	SM.Core.Content.BudgetVector.CounterCoverage	Assets/_Game/Scripts/Runtime/Core/Content/ContentSchema.cs:289	Assets/_Game/Scripts/Runtime/Core/Content/ContentSchema.cs:301	named runtime consumer at Assets/_Game/Scripts/Runtime/Core/Content/ContentSchema.cs:301	keep and preserve consumer evidence	-
live	SM.Core.Content.BudgetVector.DrawbackCredit	Assets/_Game/Scripts/Runtime/Core/Content/ContentSchema.cs:292	Assets/_Game/Scripts/Runtime/Core/Content/ContentSchema.cs:305	named runtime consumer at Assets/_Game/Scripts/Runtime/Core/Content/ContentSchema.cs:305	keep and preserve consumer evidence	-
live	SM.Core.Content.BudgetVector.Durability	Assets/_Game/Scripts/Runtime/Core/Content/ContentSchema.cs:285	Assets/_Game/Scripts/Runtime/Core/Content/ContentSchema.cs:297	named runtime consumer at Assets/_Game/Scripts/Runtime/Core/Content/ContentSchema.cs:297	keep and preserve consumer evidence	-
live	SM.Core.Content.BudgetVector.Economy	Assets/_Game/Scripts/Runtime/Core/Content/ContentSchema.cs:291	Assets/_Game/Scripts/Runtime/Core/Content/ContentSchema.cs:303	named runtime consumer at Assets/_Game/Scripts/Runtime/Core/Content/ContentSchema.cs:303	keep and preserve consumer evidence	-
live	SM.Core.Content.BudgetVector.Mobility	Assets/_Game/Scripts/Runtime/Core/Content/ContentSchema.cs:287	Assets/_Game/Scripts/Runtime/Core/Content/ContentSchema.cs:299	named runtime consumer at Assets/_Game/Scripts/Runtime/Core/Content/ContentSchema.cs:299	keep and preserve consumer evidence	-
live	SM.Core.Content.BudgetVector.Reliability	Assets/_Game/Scripts/Runtime/Core/Content/ContentSchema.cs:290	Assets/_Game/Scripts/Runtime/Core/Content/ContentSchema.cs:302	named runtime consumer at Assets/_Game/Scripts/Runtime/Core/Content/ContentSchema.cs:302	keep and preserve consumer evidence	-
live	SM.Core.Content.BudgetVector.Support	Assets/_Game/Scripts/Runtime/Core/Content/ContentSchema.cs:288	Assets/_Game/Scripts/Runtime/Core/Content/ContentSchema.cs:300	named runtime consumer at Assets/_Game/Scripts/Runtime/Core/Content/ContentSchema.cs:300	keep and preserve consumer evidence	-
live	SM.Core.Content.BudgetVector.SustainedDamage	Assets/_Game/Scripts/Runtime/Core/Content/ContentSchema.cs:283	Assets/_Game/Scripts/Runtime/Core/Content/ContentSchema.cs:295	named runtime consumer at Assets/_Game/Scripts/Runtime/Core/Content/ContentSchema.cs:295	keep and preserve consumer evidence	-
live	SM.Core.Content.CounterToolContribution.Strength	Assets/_Game/Scripts/Runtime/Core/Content/ContentSchema.cs:371	Assets/_Game/Scripts/Runtime/Unity/ContentConversion/ContentConversionShared.cs:29	named runtime consumer at Assets/_Game/Scripts/Runtime/Unity/ContentConversion/ContentConversionShared.cs:29	keep and preserve consumer evidence	-
live	SM.Core.Content.CounterToolContribution.Tool	Assets/_Game/Scripts/Runtime/Core/Content/ContentSchema.cs:370	Assets/_Game/Scripts/Runtime/Unity/ContentConversion/ContentConversionShared.cs:29	named runtime consumer at Assets/_Game/Scripts/Runtime/Unity/ContentConversion/ContentConversionShared.cs:29	keep and preserve consumer evidence	-
live	SM.Core.Contracts.EffectDescriptor.AllowMirroredOwnedSummonKill	Assets/_Game/Scripts/Runtime/Core/Contracts/AuthorityContracts.cs:57	Assets/_Game/Scripts/Runtime/Unity/ContentConversion/SkillConverter.cs:270	named runtime consumer at Assets/_Game/Scripts/Runtime/Unity/ContentConversion/SkillConverter.cs:270	keep and preserve consumer evidence	-
live	SM.Core.Contracts.EffectDescriptor.AllowsPersistentSummonChain	Assets/_Game/Scripts/Runtime/Core/Contracts/AuthorityContracts.cs:58	Assets/_Game/Scripts/Runtime/Unity/ContentConversion/SkillConverter.cs:271	named runtime consumer at Assets/_Game/Scripts/Runtime/Unity/ContentConversion/SkillConverter.cs:271	keep and preserve consumer evidence	-
live	SM.Core.Contracts.EffectDescriptor.Capabilities	Assets/_Game/Scripts/Runtime/Core/Contracts/AuthorityContracts.cs:56	Assets/_Game/Scripts/Runtime/Unity/ContentConversion/SkillConverter.cs:269	named runtime consumer at Assets/_Game/Scripts/Runtime/Unity/ContentConversion/SkillConverter.cs:269	keep and preserve consumer evidence	-
live	SM.Core.Contracts.EffectDescriptor.Layer	Assets/_Game/Scripts/Runtime/Core/Contracts/AuthorityContracts.cs:54	Assets/_Game/Scripts/Runtime/Unity/ContentConversion/SkillConverter.cs:267	named runtime consumer at Assets/_Game/Scripts/Runtime/Unity/ContentConversion/SkillConverter.cs:267	keep and preserve consumer evidence	-
live	SM.Core.Contracts.EffectDescriptor.LoadoutTopologyDelta	Assets/_Game/Scripts/Runtime/Core/Contracts/AuthorityContracts.cs:59	Assets/_Game/Scripts/Runtime/Unity/ContentConversion/SkillConverter.cs:272	named runtime consumer at Assets/_Game/Scripts/Runtime/Unity/ContentConversion/SkillConverter.cs:272	keep and preserve consumer evidence	-
live	SM.Core.Contracts.EffectDescriptor.Scope	Assets/_Game/Scripts/Runtime/Core/Contracts/AuthorityContracts.cs:55	Assets/_Game/Scripts/Runtime/Unity/ContentConversion/SkillConverter.cs:268	named runtime consumer at Assets/_Game/Scripts/Runtime/Unity/ContentConversion/SkillConverter.cs:268	keep and preserve consumer evidence	-
live	SM.Core.Contracts.SummonProfile.BehaviorKind	Assets/_Game/Scripts/Runtime/Core/Contracts/OwnershipContracts.cs:81	Assets/_Game/Scripts/Runtime/Unity/ContentConversion/SkillConverter.cs:310	named runtime consumer at Assets/_Game/Scripts/Runtime/Unity/ContentConversion/SkillConverter.cs:310	keep and preserve consumer evidence	-
live	SM.Core.Contracts.SummonProfile.CreditPolicy	Assets/_Game/Scripts/Runtime/Core/Contracts/OwnershipContracts.cs:85	Assets/_Game/Scripts/Runtime/Combat/Services/CombatActionResolver.cs:523	named runtime consumer at Assets/_Game/Scripts/Runtime/Combat/Services/CombatActionResolver.cs:523	keep and preserve consumer evidence	-
live	SM.Core.Contracts.SummonProfile.DespawnOnOwnerDeath	Assets/_Game/Scripts/Runtime/Core/Contracts/OwnershipContracts.cs:92	Assets/_Game/Scripts/Runtime/Unity/ContentConversion/SkillConverter.cs:315	named runtime consumer at Assets/_Game/Scripts/Runtime/Unity/ContentConversion/SkillConverter.cs:315	keep and preserve consumer evidence	-
live	SM.Core.Contracts.SummonProfile.Eligibility	Assets/_Game/Scripts/Runtime/Core/Contracts/OwnershipContracts.cs:82	Assets/_Game/Scripts/Runtime/Unity/ContentConversion/SkillConverter.cs:311	named runtime consumer at Assets/_Game/Scripts/Runtime/Unity/ContentConversion/SkillConverter.cs:311	keep and preserve consumer evidence	-
live	SM.Core.Contracts.SummonProfile.EntityKind	Assets/_Game/Scripts/Runtime/Core/Contracts/OwnershipContracts.cs:80	Assets/_Game/Scripts/Runtime/Unity/ContentConversion/SkillConverter.cs:309	named runtime consumer at Assets/_Game/Scripts/Runtime/Unity/ContentConversion/SkillConverter.cs:309	keep and preserve consumer evidence	-
live	SM.Core.Contracts.SummonProfile.Inheritance	Assets/_Game/Scripts/Runtime/Core/Contracts/OwnershipContracts.cs:96	Assets/_Game/Scripts/Runtime/Unity/ContentConversion/SkillConverter.cs:319	named runtime consumer at Assets/_Game/Scripts/Runtime/Unity/ContentConversion/SkillConverter.cs:319	keep and preserve consumer evidence	-
live	SM.Core.Contracts.SummonProfile.InheritOwnerTarget	Assets/_Game/Scripts/Runtime/Core/Contracts/OwnershipContracts.cs:94	Assets/_Game/Scripts/Runtime/Unity/ContentConversion/SkillConverter.cs:317	named runtime consumer at Assets/_Game/Scripts/Runtime/Unity/ContentConversion/SkillConverter.cs:317	keep and preserve consumer evidence	-
live	SM.Core.Contracts.SummonProfile.IsPersistent	Assets/_Game/Scripts/Runtime/Core/Contracts/OwnershipContracts.cs:95	Assets/_Game/Scripts/Runtime/Unity/ContentConversion/SkillConverter.cs:318	named runtime consumer at Assets/_Game/Scripts/Runtime/Unity/ContentConversion/SkillConverter.cs:318	keep and preserve consumer evidence	-
live	SM.Core.Contracts.SummonProfile.MaxConcurrentPerOwner	Assets/_Game/Scripts/Runtime/Core/Contracts/OwnershipContracts.cs:91	Assets/_Game/Scripts/Runtime/Unity/ContentConversion/SkillConverter.cs:314	named runtime consumer at Assets/_Game/Scripts/Runtime/Unity/ContentConversion/SkillConverter.cs:314	keep and preserve consumer evidence	-
live	SM.Core.Contracts.SummonProfile.MaxConcurrentPerSource	Assets/_Game/Scripts/Runtime/Core/Contracts/OwnershipContracts.cs:90	Assets/_Game/Scripts/Runtime/Unity/ContentConversion/SkillConverter.cs:313	named runtime consumer at Assets/_Game/Scripts/Runtime/Unity/ContentConversion/SkillConverter.cs:313	keep and preserve consumer evidence	-
live	SM.Core.Contracts.SummonProfile.OwnerDeathDespawnDelaySeconds	Assets/_Game/Scripts/Runtime/Core/Contracts/OwnershipContracts.cs:93	Assets/_Game/Scripts/Runtime/Combat/Model/BattleState.cs:283	named runtime consumer at Assets/_Game/Scripts/Runtime/Combat/Model/BattleState.cs:283	keep and preserve consumer evidence	-
live	SM.Core.Contracts.TargetRule.ClusterRadius	Assets/_Game/Scripts/Runtime/Core/Contracts/TargetingContracts.cs:209	Assets/_Game/Scripts/Runtime/Combat/Services/BattleReadModelBuilder.cs:68	named runtime consumer at Assets/_Game/Scripts/Runtime/Combat/Services/BattleReadModelBuilder.cs:68	keep and preserve consumer evidence	-
live	SM.Core.Contracts.TargetRule.Domain	Assets/_Game/Scripts/Runtime/Core/Contracts/TargetingContracts.cs:199	Assets/_Game/Scripts/Runtime/Combat/Services/BattleDiagnosticTraces.cs:142	named runtime consumer at Assets/_Game/Scripts/Runtime/Combat/Services/BattleDiagnosticTraces.cs:142	keep and preserve consumer evidence	-
live	SM.Core.Contracts.TargetRule.FallbackPolicy	Assets/_Game/Scripts/Runtime/Core/Contracts/TargetingContracts.cs:201	Assets/_Game/Scripts/Runtime/Combat/Services/BattleDiagnosticTraces.cs:144	named runtime consumer at Assets/_Game/Scripts/Runtime/Combat/Services/BattleDiagnosticTraces.cs:144	keep and preserve consumer evidence	-
live	SM.Core.Contracts.TargetRule.Filters	Assets/_Game/Scripts/Runtime/Core/Contracts/TargetingContracts.cs:202	Assets/_Game/Scripts/Runtime/Combat/Services/BattleDiagnosticTraces.cs:145	named runtime consumer at Assets/_Game/Scripts/Runtime/Combat/Services/BattleDiagnosticTraces.cs:145	keep and preserve consumer evidence	-
live	SM.Core.Contracts.TargetRule.LockTargetAtCastStart	Assets/_Game/Scripts/Runtime/Core/Contracts/TargetingContracts.cs:210	Assets/_Game/Scripts/Runtime/Combat/Services/TargetScoringService.cs:504	named runtime consumer at Assets/_Game/Scripts/Runtime/Combat/Services/TargetScoringService.cs:504	keep and preserve consumer evidence	-
live	SM.Core.Contracts.TargetRule.MaxAcquireRange	Assets/_Game/Scripts/Runtime/Core/Contracts/TargetingContracts.cs:207	Assets/_Game/Scripts/Runtime/Combat/Services/BattleDiagnosticTraces.cs:146	named runtime consumer at Assets/_Game/Scripts/Runtime/Combat/Services/BattleDiagnosticTraces.cs:146	keep and preserve consumer evidence	-
live	SM.Core.Contracts.TargetRule.MinimumCommitSeconds	Assets/_Game/Scripts/Runtime/Core/Contracts/TargetingContracts.cs:206	Assets/_Game/Scripts/Runtime/Combat/Model/UnitSnapshot.cs:1045	named runtime consumer at Assets/_Game/Scripts/Runtime/Combat/Model/UnitSnapshot.cs:1045	keep and preserve consumer evidence	-
live	SM.Core.Contracts.TargetRule.PreferredMinTargets	Assets/_Game/Scripts/Runtime/Core/Contracts/TargetingContracts.cs:208	Assets/_Game/Scripts/Runtime/Combat/Services/TargetScoringService.cs:502	named runtime consumer at Assets/_Game/Scripts/Runtime/Combat/Services/TargetScoringService.cs:502	keep and preserve consumer evidence	-
live	SM.Core.Contracts.TargetRule.PrimarySelector	Assets/_Game/Scripts/Runtime/Core/Contracts/TargetingContracts.cs:200	Assets/_Game/Scripts/Runtime/Combat/Services/BattleDiagnosticTraces.cs:143	named runtime consumer at Assets/_Game/Scripts/Runtime/Combat/Services/BattleDiagnosticTraces.cs:143	keep and preserve consumer evidence	-
live	SM.Core.Contracts.TargetRule.ReevaluateIntervalSeconds	Assets/_Game/Scripts/Runtime/Core/Contracts/TargetingContracts.cs:205	Assets/_Game/Scripts/Runtime/Combat/Services/TargetScoringService.cs:499	named runtime consumer at Assets/_Game/Scripts/Runtime/Combat/Services/TargetScoringService.cs:499	keep and preserve consumer evidence	-
live	SM.Core.Contracts.TargetRule.RetargetLockMode	Assets/_Game/Scripts/Runtime/Core/Contracts/TargetingContracts.cs:211	Assets/_Game/Scripts/Runtime/Combat/Services/TargetScoringService.cs:505	named runtime consumer at Assets/_Game/Scripts/Runtime/Combat/Services/TargetScoringService.cs:505	keep and preserve consumer evidence	-
live	SM.Meta.Model.ClassLabelMapping.CanonicalId	Assets/_Game/Scripts/Runtime/Meta/Model/FirstPlayableSliceModels.cs:95	Assets/_Game/Scripts/Runtime/Unity/FirstPlayableSliceDefinitionAsset.cs:92	named runtime consumer at Assets/_Game/Scripts/Runtime/Unity/FirstPlayableSliceDefinitionAsset.cs:92	keep and preserve consumer evidence	-
live	SM.Meta.Model.SynergyGrammarEntry.FamilyId	Assets/_Game/Scripts/Runtime/Meta/Model/FirstPlayableSliceModels.cs:80	Assets/_Game/Scripts/Runtime/Unity/FirstPlayableSliceDefinitionAsset.cs:83	named runtime consumer at Assets/_Game/Scripts/Runtime/Unity/FirstPlayableSliceDefinitionAsset.cs:83	keep and preserve consumer evidence	-
live	SM.Meta.Model.SynergyGrammarEntry.FamilyType	Assets/_Game/Scripts/Runtime/Meta/Model/FirstPlayableSliceModels.cs:81	Assets/_Game/Scripts/Runtime/Unity/FirstPlayableSliceDefinitionAsset.cs:84	named runtime consumer at Assets/_Game/Scripts/Runtime/Unity/FirstPlayableSliceDefinitionAsset.cs:84	keep and preserve consumer evidence	-
live	SM.Meta.Model.SynergyGrammarEntry.MajorThreshold	Assets/_Game/Scripts/Runtime/Meta/Model/FirstPlayableSliceModels.cs:83	Assets/_Game/Scripts/Runtime/Unity/FirstPlayableSliceDefinitionAsset.cs:86	named runtime consumer at Assets/_Game/Scripts/Runtime/Unity/FirstPlayableSliceDefinitionAsset.cs:86	keep and preserve consumer evidence	-
live	SM.Meta.Model.SynergyGrammarEntry.MinorThreshold	Assets/_Game/Scripts/Runtime/Meta/Model/FirstPlayableSliceModels.cs:82	Assets/_Game/Scripts/Runtime/Unity/FirstPlayableSliceDefinitionAsset.cs:85	named runtime consumer at Assets/_Game/Scripts/Runtime/Unity/FirstPlayableSliceDefinitionAsset.cs:85	keep and preserve consumer evidence	-
live	SM.Unity.FirstPlayableSliceDefinitionAsset.AffixCap	Assets/_Game/Scripts/Runtime/Unity/FirstPlayableSliceDefinitionAsset.cs:17	Assets/_Game/Scripts/Runtime/Unity/FirstPlayableSliceDefinitionAsset.cs:55	named runtime consumer at Assets/_Game/Scripts/Runtime/Unity/FirstPlayableSliceDefinitionAsset.cs:55	keep and preserve consumer evidence	-
live	SM.Unity.FirstPlayableSliceDefinitionAsset.AffixIds	Assets/_Game/Scripts/Runtime/Unity/FirstPlayableSliceDefinitionAsset.cs:32	Assets/_Game/Scripts/Runtime/Unity/FirstPlayableSliceDefinitionAsset.cs:74	named runtime consumer at Assets/_Game/Scripts/Runtime/Unity/FirstPlayableSliceDefinitionAsset.cs:74	keep and preserve consumer evidence	-
live	SM.Unity.FirstPlayableSliceDefinitionAsset.ClassLabelMappings	Assets/_Game/Scripts/Runtime/Unity/FirstPlayableSliceDefinitionAsset.cs:39	Assets/_Game/Scripts/Runtime/Unity/FirstPlayableSliceDefinitionAsset.cs:89	named runtime consumer at Assets/_Game/Scripts/Runtime/Unity/FirstPlayableSliceDefinitionAsset.cs:89	keep and preserve consumer evidence	-
live	SM.Unity.FirstPlayableSliceDefinitionAsset.CoverageQuotas	Assets/_Game/Scripts/Runtime/Unity/FirstPlayableSliceDefinitionAsset.cs:26	Assets/_Game/Scripts/Runtime/Unity/FirstPlayableSliceDefinitionAsset.cs:62	named runtime consumer at Assets/_Game/Scripts/Runtime/Unity/FirstPlayableSliceDefinitionAsset.cs:62	keep and preserve consumer evidence	-
live	SM.Unity.FirstPlayableSliceDefinitionAsset.FlexActiveCap	Assets/_Game/Scripts/Runtime/Unity/FirstPlayableSliceDefinitionAsset.cs:15	Assets/_Game/Scripts/Runtime/Unity/FirstPlayableSliceDefinitionAsset.cs:53	named runtime consumer at Assets/_Game/Scripts/Runtime/Unity/FirstPlayableSliceDefinitionAsset.cs:53	keep and preserve consumer evidence	-
live	SM.Unity.FirstPlayableSliceDefinitionAsset.FlexActiveIds	Assets/_Game/Scripts/Runtime/Unity/FirstPlayableSliceDefinitionAsset.cs:30	Assets/_Game/Scripts/Runtime/Unity/FirstPlayableSliceDefinitionAsset.cs:72	named runtime consumer at Assets/_Game/Scripts/Runtime/Unity/FirstPlayableSliceDefinitionAsset.cs:72	keep and preserve consumer evidence	-
live	SM.Unity.FirstPlayableSliceDefinitionAsset.FlexPassiveCap	Assets/_Game/Scripts/Runtime/Unity/FirstPlayableSliceDefinitionAsset.cs:16	Assets/_Game/Scripts/Runtime/Unity/FirstPlayableSliceDefinitionAsset.cs:54	named runtime consumer at Assets/_Game/Scripts/Runtime/Unity/FirstPlayableSliceDefinitionAsset.cs:54	keep and preserve consumer evidence	-
live	SM.Unity.FirstPlayableSliceDefinitionAsset.FlexPassiveIds	Assets/_Game/Scripts/Runtime/Unity/FirstPlayableSliceDefinitionAsset.cs:31	Assets/_Game/Scripts/Runtime/Unity/FirstPlayableSliceDefinitionAsset.cs:73	named runtime consumer at Assets/_Game/Scripts/Runtime/Unity/FirstPlayableSliceDefinitionAsset.cs:73	keep and preserve consumer evidence	-
live	SM.Unity.FirstPlayableSliceDefinitionAsset.ParkingLotContentIds	Assets/_Game/Scripts/Runtime/Unity/FirstPlayableSliceDefinitionAsset.cs:37	Assets/_Game/Scripts/Runtime/Unity/FirstPlayableSliceDefinitionAsset.cs:79	named runtime consumer at Assets/_Game/Scripts/Runtime/Unity/FirstPlayableSliceDefinitionAsset.cs:79	keep and preserve consumer evidence	-
live	SM.Unity.FirstPlayableSliceDefinitionAsset.PassiveBoardCap	Assets/_Game/Scripts/Runtime/Unity/FirstPlayableSliceDefinitionAsset.cs:21	Assets/_Game/Scripts/Runtime/Unity/FirstPlayableSliceDefinitionAsset.cs:59	named runtime consumer at Assets/_Game/Scripts/Runtime/Unity/FirstPlayableSliceDefinitionAsset.cs:59	keep and preserve consumer evidence	-
live	SM.Unity.FirstPlayableSliceDefinitionAsset.PassiveBoardIds	Assets/_Game/Scripts/Runtime/Unity/FirstPlayableSliceDefinitionAsset.cs:36	Assets/_Game/Scripts/Runtime/Unity/FirstPlayableSliceDefinitionAsset.cs:78	named runtime consumer at Assets/_Game/Scripts/Runtime/Unity/FirstPlayableSliceDefinitionAsset.cs:78	keep and preserve consumer evidence	-
live	SM.Unity.FirstPlayableSliceDefinitionAsset.PermanentAugmentCap	Assets/_Game/Scripts/Runtime/Unity/FirstPlayableSliceDefinitionAsset.cs:20	Assets/_Game/Scripts/Runtime/Unity/FirstPlayableSliceDefinitionAsset.cs:42	named runtime consumer at Assets/_Game/Scripts/Runtime/Unity/FirstPlayableSliceDefinitionAsset.cs:42	keep and preserve consumer evidence	-
live	SM.Unity.FirstPlayableSliceDefinitionAsset.PermanentAugmentIds	Assets/_Game/Scripts/Runtime/Unity/FirstPlayableSliceDefinitionAsset.cs:35	Assets/_Game/Scripts/Runtime/Unity/FirstPlayableSliceDefinitionAsset.cs:44	named runtime consumer at Assets/_Game/Scripts/Runtime/Unity/FirstPlayableSliceDefinitionAsset.cs:44	keep and preserve consumer evidence	-
live	SM.Unity.FirstPlayableSliceDefinitionAsset.RequireAllCounterToolsCovered	Assets/_Game/Scripts/Runtime/Unity/FirstPlayableSliceDefinitionAsset.cs:24	Assets/_Game/Scripts/Runtime/Unity/FirstPlayableSliceDefinitionAsset.cs:61	named runtime consumer at Assets/_Game/Scripts/Runtime/Unity/FirstPlayableSliceDefinitionAsset.cs:61	keep and preserve consumer evidence	-
live	SM.Unity.FirstPlayableSliceDefinitionAsset.RequireAllThreatPatternsCovered	Assets/_Game/Scripts/Runtime/Unity/FirstPlayableSliceDefinitionAsset.cs:23	Assets/_Game/Scripts/Runtime/Unity/FirstPlayableSliceDefinitionAsset.cs:60	named runtime consumer at Assets/_Game/Scripts/Runtime/Unity/FirstPlayableSliceDefinitionAsset.cs:60	keep and preserve consumer evidence	-
live	SM.Unity.FirstPlayableSliceDefinitionAsset.SignatureActiveCap	Assets/_Game/Scripts/Runtime/Unity/FirstPlayableSliceDefinitionAsset.cs:12	Assets/_Game/Scripts/Runtime/Unity/FirstPlayableSliceDefinitionAsset.cs:51	named runtime consumer at Assets/_Game/Scripts/Runtime/Unity/FirstPlayableSliceDefinitionAsset.cs:51	keep and preserve consumer evidence	-
live	SM.Unity.FirstPlayableSliceDefinitionAsset.SignatureActiveIds	Assets/_Game/Scripts/Runtime/Unity/FirstPlayableSliceDefinitionAsset.cs:28	Assets/_Game/Scripts/Runtime/Unity/FirstPlayableSliceDefinitionAsset.cs:70	named runtime consumer at Assets/_Game/Scripts/Runtime/Unity/FirstPlayableSliceDefinitionAsset.cs:70	keep and preserve consumer evidence	-
live	SM.Unity.FirstPlayableSliceDefinitionAsset.SignaturePassiveCap	Assets/_Game/Scripts/Runtime/Unity/FirstPlayableSliceDefinitionAsset.cs:13	Assets/_Game/Scripts/Runtime/Unity/FirstPlayableSliceDefinitionAsset.cs:52	named runtime consumer at Assets/_Game/Scripts/Runtime/Unity/FirstPlayableSliceDefinitionAsset.cs:52	keep and preserve consumer evidence	-
live	SM.Unity.FirstPlayableSliceDefinitionAsset.SignaturePassiveIds	Assets/_Game/Scripts/Runtime/Unity/FirstPlayableSliceDefinitionAsset.cs:29	Assets/_Game/Scripts/Runtime/Unity/FirstPlayableSliceDefinitionAsset.cs:71	named runtime consumer at Assets/_Game/Scripts/Runtime/Unity/FirstPlayableSliceDefinitionAsset.cs:71	keep and preserve consumer evidence	-
live	SM.Unity.FirstPlayableSliceDefinitionAsset.SynergyFamilyCap	Assets/_Game/Scripts/Runtime/Unity/FirstPlayableSliceDefinitionAsset.cs:18	Assets/_Game/Scripts/Runtime/Unity/FirstPlayableSliceDefinitionAsset.cs:56	named runtime consumer at Assets/_Game/Scripts/Runtime/Unity/FirstPlayableSliceDefinitionAsset.cs:56	keep and preserve consumer evidence	-
live	SM.Unity.FirstPlayableSliceDefinitionAsset.SynergyFamilyIds	Assets/_Game/Scripts/Runtime/Unity/FirstPlayableSliceDefinitionAsset.cs:33	Assets/_Game/Scripts/Runtime/Unity/FirstPlayableSliceDefinitionAsset.cs:75	named runtime consumer at Assets/_Game/Scripts/Runtime/Unity/FirstPlayableSliceDefinitionAsset.cs:75	keep and preserve consumer evidence	-
live	SM.Unity.FirstPlayableSliceDefinitionAsset.SynergyGrammar	Assets/_Game/Scripts/Runtime/Unity/FirstPlayableSliceDefinitionAsset.cs:38	Assets/_Game/Scripts/Runtime/Unity/FirstPlayableSliceDefinitionAsset.cs:80	named runtime consumer at Assets/_Game/Scripts/Runtime/Unity/FirstPlayableSliceDefinitionAsset.cs:80	keep and preserve consumer evidence	-
live	SM.Unity.FirstPlayableSliceDefinitionAsset.TemporaryAugmentCap	Assets/_Game/Scripts/Runtime/Unity/FirstPlayableSliceDefinitionAsset.cs:19	Assets/_Game/Scripts/Runtime/Unity/FirstPlayableSliceDefinitionAsset.cs:42	named runtime consumer at Assets/_Game/Scripts/Runtime/Unity/FirstPlayableSliceDefinitionAsset.cs:42	keep and preserve consumer evidence	-
live	SM.Unity.FirstPlayableSliceDefinitionAsset.TemporaryAugmentIds	Assets/_Game/Scripts/Runtime/Unity/FirstPlayableSliceDefinitionAsset.cs:34	Assets/_Game/Scripts/Runtime/Unity/FirstPlayableSliceDefinitionAsset.cs:44	named runtime consumer at Assets/_Game/Scripts/Runtime/Unity/FirstPlayableSliceDefinitionAsset.cs:44	keep and preserve consumer evidence	-
live	SM.Unity.FirstPlayableSliceDefinitionAsset.UnitBlueprintCap	Assets/_Game/Scripts/Runtime/Unity/FirstPlayableSliceDefinitionAsset.cs:11	Assets/_Game/Scripts/Runtime/Unity/FirstPlayableSliceDefinitionAsset.cs:50	named runtime consumer at Assets/_Game/Scripts/Runtime/Unity/FirstPlayableSliceDefinitionAsset.cs:50	keep and preserve consumer evidence	-
live	SM.Unity.FirstPlayableSliceDefinitionAsset.UnitBlueprintIds	Assets/_Game/Scripts/Runtime/Unity/FirstPlayableSliceDefinitionAsset.cs:27	Assets/_Game/Scripts/Runtime/Unity/FirstPlayableSliceDefinitionAsset.cs:69	named runtime consumer at Assets/_Game/Scripts/Runtime/Unity/FirstPlayableSliceDefinitionAsset.cs:69	keep and preserve consumer evidence	-
live	SM.Unity.Sandbox.CombatSandboxAllySlot.Anchor	Assets/_Game/Scripts/Runtime/Unity/Sandbox/CombatSandboxSlotTypes.cs:13	Assets/_Game/Scripts/Runtime/Unity/GameSessionState.cs:940	named runtime consumer at Assets/_Game/Scripts/Runtime/Unity/GameSessionState.cs:940	keep and preserve consumer evidence	-
live	SM.Unity.Sandbox.CombatSandboxAllySlot.HeroId	Assets/_Game/Scripts/Runtime/Unity/Sandbox/CombatSandboxSlotTypes.cs:12	Assets/_Game/Scripts/Runtime/Unity/GameSessionState.cs:908	named runtime consumer at Assets/_Game/Scripts/Runtime/Unity/GameSessionState.cs:908	keep and preserve consumer evidence	-
live	SM.Unity.Sandbox.CombatSandboxAllySlot.RoleInstructionIdOverride	Assets/_Game/Scripts/Runtime/Unity/Sandbox/CombatSandboxSlotTypes.cs:14	Assets/_Game/Scripts/Runtime/Unity/Sandbox/CombatSandboxScenarioCompiler.cs:1121	named runtime consumer at Assets/_Game/Scripts/Runtime/Unity/Sandbox/CombatSandboxScenarioCompiler.cs:1121	keep and preserve consumer evidence	-
live	SM.Unity.Sandbox.CombatSandboxBuildOverrideData.EquippedItems	Assets/_Game/Scripts/Runtime/Unity/Sandbox/CombatSandboxAuthoringModels.cs:51	Assets/_Game/Scripts/Runtime/Unity/Sandbox/CombatSandboxScenarioCompiler.cs:727	named runtime consumer at Assets/_Game/Scripts/Runtime/Unity/Sandbox/CombatSandboxScenarioCompiler.cs:727	keep and preserve consumer evidence	-
live	SM.Unity.Sandbox.CombatSandboxBuildOverrideData.FlexActiveSkillId	Assets/_Game/Scripts/Runtime/Unity/Sandbox/CombatSandboxAuthoringModels.cs:56	Assets/_Game/Scripts/Runtime/Unity/Sandbox/CombatSandboxScenarioCompiler.cs:719	named runtime consumer at Assets/_Game/Scripts/Runtime/Unity/Sandbox/CombatSandboxScenarioCompiler.cs:719	keep and preserve consumer evidence	-
live	SM.Unity.Sandbox.CombatSandboxBuildOverrideData.FlexPassiveSkillId	Assets/_Game/Scripts/Runtime/Unity/Sandbox/CombatSandboxAuthoringModels.cs:57	Assets/_Game/Scripts/Runtime/Unity/Sandbox/CombatSandboxScenarioCompiler.cs:720	named runtime consumer at Assets/_Game/Scripts/Runtime/Unity/Sandbox/CombatSandboxScenarioCompiler.cs:720	keep and preserve consumer evidence	-
live	SM.Unity.Sandbox.CombatSandboxBuildOverrideData.NegativeTraitId	Assets/_Game/Scripts/Runtime/Unity/Sandbox/CombatSandboxAuthoringModels.cs:59	Assets/_Game/Scripts/Runtime/Unity/Sandbox/CombatSandboxScenarioCompiler.cs:722	named runtime consumer at Assets/_Game/Scripts/Runtime/Unity/Sandbox/CombatSandboxScenarioCompiler.cs:722	keep and preserve consumer evidence	-
live	SM.Unity.Sandbox.CombatSandboxBuildOverrideData.OverrideId	Assets/_Game/Scripts/Runtime/Unity/Sandbox/CombatSandboxAuthoringModels.cs:48	Assets/_Game/Scripts/Runtime/Unity/Sandbox/CombatSandboxScenarioCompiler.cs:1300	named runtime consumer at Assets/_Game/Scripts/Runtime/Unity/Sandbox/CombatSandboxScenarioCompiler.cs:1300	keep and preserve consumer evidence	-
live	SM.Unity.Sandbox.CombatSandboxBuildOverrideData.PassiveBoardId	Assets/_Game/Scripts/Runtime/Unity/Sandbox/CombatSandboxAuthoringModels.cs:52	Assets/_Game/Scripts/Runtime/Unity/Sandbox/CombatSandboxScenarioCompiler.cs:748	named runtime consumer at Assets/_Game/Scripts/Runtime/Unity/Sandbox/CombatSandboxScenarioCompiler.cs:748	keep and preserve consumer evidence	-
live	SM.Unity.Sandbox.CombatSandboxBuildOverrideData.PassiveNodeIds	Assets/_Game/Scripts/Runtime/Unity/Sandbox/CombatSandboxAuthoringModels.cs:53	Assets/_Game/Scripts/Runtime/Unity/Sandbox/CombatSandboxScenarioCompiler.cs:751	named runtime consumer at Assets/_Game/Scripts/Runtime/Unity/Sandbox/CombatSandboxScenarioCompiler.cs:751	keep and preserve consumer evidence	-
live	SM.Unity.Sandbox.CombatSandboxBuildOverrideData.PermanentAugmentIds	Assets/_Game/Scripts/Runtime/Unity/Sandbox/CombatSandboxAuthoringModels.cs:55	Assets/_Game/Scripts/Runtime/Unity/Sandbox/CombatSandboxScenarioCompiler.cs:754	named runtime consumer at Assets/_Game/Scripts/Runtime/Unity/Sandbox/CombatSandboxScenarioCompiler.cs:754	keep and preserve consumer evidence	-
live	SM.Unity.Sandbox.CombatSandboxBuildOverrideData.PositiveTraitId	Assets/_Game/Scripts/Runtime/Unity/Sandbox/CombatSandboxAuthoringModels.cs:58	Assets/_Game/Scripts/Runtime/Unity/Sandbox/CombatSandboxScenarioCompiler.cs:721	named runtime consumer at Assets/_Game/Scripts/Runtime/Unity/Sandbox/CombatSandboxScenarioCompiler.cs:721	keep and preserve consumer evidence	-
live	SM.Unity.Sandbox.CombatSandboxBuildOverrideData.RetrainCount	Assets/_Game/Scripts/Runtime/Unity/Sandbox/CombatSandboxAuthoringModels.cs:61	Assets/_Game/Scripts/Runtime/Unity/Sandbox/CombatSandboxScenarioCompiler.cs:712	named runtime consumer at Assets/_Game/Scripts/Runtime/Unity/Sandbox/CombatSandboxScenarioCompiler.cs:712	keep and preserve consumer evidence	-
live	SM.Unity.Sandbox.CombatSandboxBuildOverrideData.RoleInstructionIdOverride	Assets/_Game/Scripts/Runtime/Unity/Sandbox/CombatSandboxAuthoringModels.cs:60	Assets/_Game/Scripts/Runtime/Unity/Sandbox/CombatSandboxScenarioCompiler.cs:1027	named runtime consumer at Assets/_Game/Scripts/Runtime/Unity/Sandbox/CombatSandboxScenarioCompiler.cs:1027	keep and preserve consumer evidence	-
live	SM.Unity.Sandbox.CombatSandboxBuildOverrideData.Tags	Assets/_Game/Scripts/Runtime/Unity/Sandbox/CombatSandboxAuthoringModels.cs:50	Assets/_Game/Scripts/Runtime/Unity/Sandbox/CombatSandboxScenarioCompiler.cs:1302	named runtime consumer at Assets/_Game/Scripts/Runtime/Unity/Sandbox/CombatSandboxScenarioCompiler.cs:1302	keep and preserve consumer evidence	-
live	SM.Unity.Sandbox.CombatSandboxBuildOverrideData.TemporaryAugmentIds	Assets/_Game/Scripts/Runtime/Unity/Sandbox/CombatSandboxAuthoringModels.cs:54	Assets/_Game/Scripts/Runtime/Unity/Sandbox/CombatSandboxScenarioCompiler.cs:780	named runtime consumer at Assets/_Game/Scripts/Runtime/Unity/Sandbox/CombatSandboxScenarioCompiler.cs:780	keep and preserve consumer evidence	-
live	SM.Unity.Sandbox.CombatSandboxConfig.AllyPosture	Assets/_Game/Scripts/Runtime/Unity/Sandbox/CombatSandboxConfig.cs:21	Assets/_Game/Scripts/Runtime/Unity/Sandbox/CombatSandboxScenarioCompiler.cs:1108	named runtime consumer at Assets/_Game/Scripts/Runtime/Unity/Sandbox/CombatSandboxScenarioCompiler.cs:1108	keep and preserve consumer evidence	-
live	SM.Unity.Sandbox.CombatSandboxConfig.AllySlots	Assets/_Game/Scripts/Runtime/Unity/Sandbox/CombatSandboxConfig.cs:28	Assets/_Game/Scripts/Runtime/Unity/GameSessionState.cs:879	named runtime consumer at Assets/_Game/Scripts/Runtime/Unity/GameSessionState.cs:879	keep and preserve consumer evidence	-
live	SM.Unity.Sandbox.CombatSandboxConfig.BatchCount	Assets/_Game/Scripts/Runtime/Unity/Sandbox/CombatSandboxConfig.cs:27	Assets/_Game/Scripts/Runtime/Unity/Sandbox/CombatSandboxScenarioCompiler.cs:106	named runtime consumer at Assets/_Game/Scripts/Runtime/Unity/Sandbox/CombatSandboxScenarioCompiler.cs:106	keep and preserve consumer evidence	-
live	SM.Unity.Sandbox.CombatSandboxConfig.DefaultLaneKind	Assets/_Game/Scripts/Runtime/Unity/Sandbox/CombatSandboxConfig.cs:14	Assets/_Game/Scripts/Runtime/Unity/GameSessionState.cs:423	named runtime consumer at Assets/_Game/Scripts/Runtime/Unity/GameSessionState.cs:423	keep and preserve consumer evidence	-
live	SM.Unity.Sandbox.CombatSandboxConfig.EnemyPosture	Assets/_Game/Scripts/Runtime/Unity/Sandbox/CombatSandboxConfig.cs:23	Assets/_Game/Scripts/Runtime/Unity/GameSessionState.cs:1384	named runtime consumer at Assets/_Game/Scripts/Runtime/Unity/GameSessionState.cs:1384	keep and preserve consumer evidence	-
live	SM.Unity.Sandbox.CombatSandboxConfig.EnemySlots	Assets/_Game/Scripts/Runtime/Unity/Sandbox/CombatSandboxConfig.cs:29	Assets/_Game/Scripts/Runtime/Unity/GameSessionState.cs:1369	named runtime consumer at Assets/_Game/Scripts/Runtime/Unity/GameSessionState.cs:1369	keep and preserve consumer evidence	-
live	SM.Unity.Sandbox.CombatSandboxConfig.EnemyTeamTacticId	Assets/_Game/Scripts/Runtime/Unity/Sandbox/CombatSandboxConfig.cs:25	Assets/_Game/Scripts/Runtime/Unity/Sandbox/CombatSandboxScenarioCompiler.cs:1157	named runtime consumer at Assets/_Game/Scripts/Runtime/Unity/Sandbox/CombatSandboxScenarioCompiler.cs:1157	keep and preserve consumer evidence	-
live	SM.Unity.Sandbox.CombatSandboxConfig.Execution	Assets/_Game/Scripts/Runtime/Unity/Sandbox/CombatSandboxConfig.cs:20	Assets/_Game/Scripts/Runtime/Unity/GameSessionState.cs:438	named runtime consumer at Assets/_Game/Scripts/Runtime/Unity/GameSessionState.cs:438	keep and preserve consumer evidence	-
live	SM.Unity.Sandbox.CombatSandboxConfig.Id	Assets/_Game/Scripts/Runtime/Unity/Sandbox/CombatSandboxConfig.cs:11	Assets/_Game/Scripts/Runtime/Unity/Sandbox/CombatSandboxScenarioCompiler.cs:64	named runtime consumer at Assets/_Game/Scripts/Runtime/Unity/Sandbox/CombatSandboxScenarioCompiler.cs:64	keep and preserve consumer evidence	-
live	SM.Unity.Sandbox.CombatSandboxConfig.LeftTeam	Assets/_Game/Scripts/Runtime/Unity/Sandbox/CombatSandboxConfig.cs:18	Assets/_Game/Scripts/Runtime/Unity/Sandbox/CombatSandboxScenarioCompiler.cs:140	named runtime consumer at Assets/_Game/Scripts/Runtime/Unity/Sandbox/CombatSandboxScenarioCompiler.cs:140	keep and preserve consumer evidence	-
live	SM.Unity.Sandbox.CombatSandboxConfig.PreviewSettings	Assets/_Game/Scripts/Runtime/Unity/Sandbox/CombatSandboxConfig.cs:16	Assets/_Game/Scripts/Runtime/Unity/Sandbox/CombatSandboxSceneController.cs:30	named runtime consumer at Assets/_Game/Scripts/Runtime/Unity/Sandbox/CombatSandboxSceneController.cs:30	keep and preserve consumer evidence	-
live	SM.Unity.Sandbox.CombatSandboxConfig.RightTeam	Assets/_Game/Scripts/Runtime/Unity/Sandbox/CombatSandboxConfig.cs:19	Assets/_Game/Scripts/Runtime/Unity/Sandbox/CombatSandboxScenarioCompiler.cs:154	named runtime consumer at Assets/_Game/Scripts/Runtime/Unity/Sandbox/CombatSandboxScenarioCompiler.cs:154	keep and preserve consumer evidence	-
live	SM.Unity.Sandbox.CombatSandboxConfig.Scenario	Assets/_Game/Scripts/Runtime/Unity/Sandbox/CombatSandboxConfig.cs:17	Assets/_Game/Scripts/Runtime/Unity/Sandbox/CombatSandboxScenarioCompiler.cs:62	named runtime consumer at Assets/_Game/Scripts/Runtime/Unity/Sandbox/CombatSandboxScenarioCompiler.cs:62	keep and preserve consumer evidence	-
live	SM.Unity.Sandbox.CombatSandboxConfig.SceneLayout	Assets/_Game/Scripts/Runtime/Unity/Sandbox/CombatSandboxConfig.cs:15	Assets/_Game/Scripts/Runtime/Unity/Sandbox/CombatSandboxSceneController.cs:29	named runtime consumer at Assets/_Game/Scripts/Runtime/Unity/Sandbox/CombatSandboxSceneController.cs:29	keep and preserve consumer evidence	-
live	SM.Unity.Sandbox.CombatSandboxConfig.Seed	Assets/_Game/Scripts/Runtime/Unity/Sandbox/CombatSandboxConfig.cs:26	Assets/_Game/Scripts/Runtime/Unity/GameSessionState.cs:443	named runtime consumer at Assets/_Game/Scripts/Runtime/Unity/GameSessionState.cs:443	keep and preserve consumer evidence	-
live	SM.Unity.Sandbox.CombatSandboxConfig.TeamTacticId	Assets/_Game/Scripts/Runtime/Unity/Sandbox/CombatSandboxConfig.cs:22	Assets/_Game/Scripts/Runtime/Unity/Sandbox/CombatSandboxScenarioCompiler.cs:1109	named runtime consumer at Assets/_Game/Scripts/Runtime/Unity/Sandbox/CombatSandboxScenarioCompiler.cs:1109	keep and preserve consumer evidence	-
live	SM.Unity.Sandbox.CombatSandboxConfig.UseScenarioAuthoring	Assets/_Game/Scripts/Runtime/Unity/Sandbox/CombatSandboxConfig.cs:13	Assets/_Game/Scripts/Runtime/Unity/GameSessionState.cs:878	named runtime consumer at Assets/_Game/Scripts/Runtime/Unity/GameSessionState.cs:878	keep and preserve consumer evidence	-
live	SM.Unity.Sandbox.CombatSandboxEnemySlot.Anchor	Assets/_Game/Scripts/Runtime/Unity/Sandbox/CombatSandboxSlotTypes.cs:24	Assets/_Game/Scripts/Runtime/Unity/GameSessionState.cs:1376	named runtime consumer at Assets/_Game/Scripts/Runtime/Unity/GameSessionState.cs:1376	keep and preserve consumer evidence	-
live	SM.Unity.Sandbox.CombatSandboxEnemySlot.ArchetypeIdOverride	Assets/_Game/Scripts/Runtime/Unity/Sandbox/CombatSandboxSlotTypes.cs:23	Assets/_Game/Scripts/Runtime/Unity/Sandbox/CombatSandboxScenarioCompiler.cs:1167	named runtime consumer at Assets/_Game/Scripts/Runtime/Unity/Sandbox/CombatSandboxScenarioCompiler.cs:1167	keep and preserve consumer evidence	-
live	SM.Unity.Sandbox.CombatSandboxEnemySlot.CharacterId	Assets/_Game/Scripts/Runtime/Unity/Sandbox/CombatSandboxSlotTypes.cs:22	Assets/_Game/Scripts/Runtime/Unity/Sandbox/CombatSandboxScenarioCompiler.cs:1167	named runtime consumer at Assets/_Game/Scripts/Runtime/Unity/Sandbox/CombatSandboxScenarioCompiler.cs:1167	keep and preserve consumer evidence	-
live	SM.Unity.Sandbox.CombatSandboxEnemySlot.NegativeTraitId	Assets/_Game/Scripts/Runtime/Unity/Sandbox/CombatSandboxSlotTypes.cs:26	Assets/_Game/Scripts/Runtime/Unity/GameSessionState.cs:1381	named runtime consumer at Assets/_Game/Scripts/Runtime/Unity/GameSessionState.cs:1381	keep and preserve consumer evidence	-
live	SM.Unity.Sandbox.CombatSandboxEnemySlot.ParticipantId	Assets/_Game/Scripts/Runtime/Unity/Sandbox/CombatSandboxSlotTypes.cs:20	Assets/_Game/Scripts/Runtime/Unity/GameSessionState.cs:1376	named runtime consumer at Assets/_Game/Scripts/Runtime/Unity/GameSessionState.cs:1376	keep and preserve consumer evidence	-
live	SM.Unity.Sandbox.CombatSandboxEnemySlot.PositiveTraitId	Assets/_Game/Scripts/Runtime/Unity/Sandbox/CombatSandboxSlotTypes.cs:25	Assets/_Game/Scripts/Runtime/Unity/GameSessionState.cs:1380	named runtime consumer at Assets/_Game/Scripts/Runtime/Unity/GameSessionState.cs:1380	keep and preserve consumer evidence	-
live	SM.Unity.Sandbox.CombatSandboxEnemySlot.RoleInstructionId	Assets/_Game/Scripts/Runtime/Unity/Sandbox/CombatSandboxSlotTypes.cs:27	Assets/_Game/Scripts/Runtime/Unity/Sandbox/CombatSandboxScenarioCompiler.cs:1177	named runtime consumer at Assets/_Game/Scripts/Runtime/Unity/Sandbox/CombatSandboxScenarioCompiler.cs:1177	keep and preserve consumer evidence	-
live	SM.Unity.Sandbox.CombatSandboxEnemySlot.RoleTag	Assets/_Game/Scripts/Runtime/Unity/Sandbox/CombatSandboxSlotTypes.cs:28	Assets/_Game/Scripts/Runtime/Unity/Session/SessionRewardSettlementFlow.cs:768	named runtime consumer at Assets/_Game/Scripts/Runtime/Unity/Session/SessionRewardSettlementFlow.cs:768	keep and preserve consumer evidence	-
live	SM.Unity.Sandbox.CombatSandboxEnemySlot.TemporaryAugmentIds	Assets/_Game/Scripts/Runtime/Unity/Sandbox/CombatSandboxSlotTypes.cs:29	Assets/_Game/Scripts/Runtime/Unity/GameSessionState.cs:1383	named runtime consumer at Assets/_Game/Scripts/Runtime/Unity/GameSessionState.cs:1383	keep and preserve consumer evidence	-
live	SM.Unity.Sandbox.CombatSandboxExecutionSettings.BatchCount	Assets/_Game/Scripts/Runtime/Unity/Sandbox/CombatSandboxAuthoringModels.cs:98	Assets/_Game/Scripts/Runtime/Unity/Sandbox/CombatSandboxPreviewFormatter.cs:14	named runtime consumer at Assets/_Game/Scripts/Runtime/Unity/Sandbox/CombatSandboxPreviewFormatter.cs:14	keep and preserve consumer evidence	-
live	SM.Unity.Sandbox.CombatSandboxExecutionSettings.PresetId	Assets/_Game/Scripts/Runtime/Unity/Sandbox/CombatSandboxAuthoringModels.cs:94	Assets/_Game/Scripts/Runtime/Unity/Sandbox/CombatSandboxScenarioCompiler.cs:88	named runtime consumer at Assets/_Game/Scripts/Runtime/Unity/Sandbox/CombatSandboxScenarioCompiler.cs:88	keep and preserve consumer evidence	-
live	SM.Unity.Sandbox.CombatSandboxExecutionSettings.RecordReplay	Assets/_Game/Scripts/Runtime/Unity/Sandbox/CombatSandboxAuthoringModels.cs:100	Assets/_Game/Scripts/Runtime/Unity/Sandbox/CombatSandboxScenarioCompiler.cs:1241	named runtime consumer at Assets/_Game/Scripts/Runtime/Unity/Sandbox/CombatSandboxScenarioCompiler.cs:1241	keep and preserve consumer evidence	-
live	SM.Unity.Sandbox.CombatSandboxExecutionSettings.RunSideSwap	Assets/_Game/Scripts/Runtime/Unity/Sandbox/CombatSandboxAuthoringModels.cs:99	Assets/_Game/Scripts/Runtime/Unity/Sandbox/CombatSandboxScenarioCompiler.cs:1240	named runtime consumer at Assets/_Game/Scripts/Runtime/Unity/Sandbox/CombatSandboxScenarioCompiler.cs:1240	keep and preserve consumer evidence	-
live	SM.Unity.Sandbox.CombatSandboxExecutionSettings.Seed	Assets/_Game/Scripts/Runtime/Unity/Sandbox/CombatSandboxAuthoringModels.cs:97	Assets/_Game/Scripts/Runtime/Unity/GameSessionState.cs:438	named runtime consumer at Assets/_Game/Scripts/Runtime/Unity/GameSessionState.cs:438	keep and preserve consumer evidence	-
live	SM.Unity.Sandbox.CombatSandboxExecutionSettings.SeedMode	Assets/_Game/Scripts/Runtime/Unity/Sandbox/CombatSandboxAuthoringModels.cs:96	Assets/_Game/Scripts/Runtime/Unity/Sandbox/CombatSandboxScenarioCompiler.cs:1237	named runtime consumer at Assets/_Game/Scripts/Runtime/Unity/Sandbox/CombatSandboxScenarioCompiler.cs:1237	keep and preserve consumer evidence	-
live	SM.Unity.Sandbox.CombatSandboxExecutionSettings.StopOnMismatch	Assets/_Game/Scripts/Runtime/Unity/Sandbox/CombatSandboxAuthoringModels.cs:101	Assets/_Game/Scripts/Runtime/Unity/Sandbox/CombatSandboxScenarioCompiler.cs:1242	named runtime consumer at Assets/_Game/Scripts/Runtime/Unity/Sandbox/CombatSandboxScenarioCompiler.cs:1242	keep and preserve consumer evidence	-
live	SM.Unity.Sandbox.CombatSandboxExecutionSettings.StopOnReadabilityViolation	Assets/_Game/Scripts/Runtime/Unity/Sandbox/CombatSandboxAuthoringModels.cs:102	Assets/_Game/Scripts/Runtime/Unity/Sandbox/CombatSandboxScenarioCompiler.cs:1243	named runtime consumer at Assets/_Game/Scripts/Runtime/Unity/Sandbox/CombatSandboxScenarioCompiler.cs:1243	keep and preserve consumer evidence	-
live	SM.Unity.Sandbox.CombatSandboxItemOverrideData.AffixIds	Assets/_Game/Scripts/Runtime/Unity/Sandbox/CombatSandboxAuthoringModels.cs:42	Assets/_Game/Scripts/Runtime/Unity/Sandbox/CombatSandboxScenarioCompiler.cs:742	named runtime consumer at Assets/_Game/Scripts/Runtime/Unity/Sandbox/CombatSandboxScenarioCompiler.cs:742	keep and preserve consumer evidence	-
live	SM.Unity.Sandbox.CombatSandboxItemOverrideData.ItemId	Assets/_Game/Scripts/Runtime/Unity/Sandbox/CombatSandboxAuthoringModels.cs:41	Assets/_Game/Scripts/Runtime/Unity/Sandbox/CombatSandboxScenarioCompiler.cs:733	named runtime consumer at Assets/_Game/Scripts/Runtime/Unity/Sandbox/CombatSandboxScenarioCompiler.cs:733	keep and preserve consumer evidence	-
live	SM.Unity.Sandbox.CombatSandboxRemoteDeckReference.DeckId	Assets/_Game/Scripts/Runtime/Unity/Sandbox/CombatSandboxAuthoringModels.cs:87	Assets/_Game/Scripts/Runtime/Unity/Sandbox/CombatSandboxScenarioCompiler.cs:410	named runtime consumer at Assets/_Game/Scripts/Runtime/Unity/Sandbox/CombatSandboxScenarioCompiler.cs:410	keep and preserve consumer evidence	-
live	SM.Unity.Sandbox.CombatSandboxRemoteDeckReference.Revision	Assets/_Game/Scripts/Runtime/Unity/Sandbox/CombatSandboxAuthoringModels.cs:88	Assets/_Game/Scripts/Runtime/Unity/Sandbox/CombatSandboxScenarioCompiler.cs:410	named runtime consumer at Assets/_Game/Scripts/Runtime/Unity/Sandbox/CombatSandboxScenarioCompiler.cs:410	keep and preserve consumer evidence	-
live	SM.Unity.Sandbox.CombatSandboxRemoteDeckReference.UserId	Assets/_Game/Scripts/Runtime/Unity/Sandbox/CombatSandboxAuthoringModels.cs:86	Assets/_Game/Scripts/Runtime/Unity/Sandbox/CombatSandboxScenarioCompiler.cs:410	named runtime consumer at Assets/_Game/Scripts/Runtime/Unity/Sandbox/CombatSandboxScenarioCompiler.cs:410	keep and preserve consumer evidence	-
live	SM.Unity.Sandbox.CombatSandboxScenarioMetadata.ScenarioId	Assets/_Game/Scripts/Runtime/Unity/Sandbox/CombatSandboxAuthoringModels.cs:126	Assets/_Game/Scripts/Runtime/Unity/Sandbox/CombatSandboxScenarioCompiler.cs:62	named runtime consumer at Assets/_Game/Scripts/Runtime/Unity/Sandbox/CombatSandboxScenarioCompiler.cs:62	keep and preserve consumer evidence	-
live	SM.Unity.Sandbox.CombatSandboxTeamDefinition.Members	Assets/_Game/Scripts/Runtime/Unity/Sandbox/CombatSandboxAuthoringModels.cs:115	Assets/_Game/Scripts/Runtime/Unity/Sandbox/CombatSandboxScenarioCompiler.cs:339	named runtime consumer at Assets/_Game/Scripts/Runtime/Unity/Sandbox/CombatSandboxScenarioCompiler.cs:339	keep and preserve consumer evidence	-
live	SM.Unity.Sandbox.CombatSandboxTeamDefinition.RemoteDeck	Assets/_Game/Scripts/Runtime/Unity/Sandbox/CombatSandboxAuthoringModels.cs:118	Assets/_Game/Scripts/Runtime/Unity/Sandbox/CombatSandboxScenarioCompiler.cs:410	named runtime consumer at Assets/_Game/Scripts/Runtime/Unity/Sandbox/CombatSandboxScenarioCompiler.cs:410	keep and preserve consumer evidence	-
live	SM.Unity.Sandbox.CombatSandboxTeamDefinition.SourceMode	Assets/_Game/Scripts/Runtime/Unity/Sandbox/CombatSandboxAuthoringModels.cs:111	Assets/_Game/Scripts/Runtime/Unity/Sandbox/CombatSandboxScenarioCompiler.cs:170	named runtime consumer at Assets/_Game/Scripts/Runtime/Unity/Sandbox/CombatSandboxScenarioCompiler.cs:170	keep and preserve consumer evidence	-
live	SM.Unity.Sandbox.CombatSandboxTeamDefinition.Tags	Assets/_Game/Scripts/Runtime/Unity/Sandbox/CombatSandboxAuthoringModels.cs:114	Assets/_Game/Scripts/Runtime/Unity/Sandbox/CombatSandboxScenarioCompiler.cs:323	named runtime consumer at Assets/_Game/Scripts/Runtime/Unity/Sandbox/CombatSandboxScenarioCompiler.cs:323	keep and preserve consumer evidence	-
live	SM.Unity.Sandbox.CombatSandboxTeamDefinition.TeamId	Assets/_Game/Scripts/Runtime/Unity/Sandbox/CombatSandboxAuthoringModels.cs:109	Assets/_Game/Scripts/Runtime/Unity/Sandbox/CombatSandboxScenarioCompiler.cs:874	named runtime consumer at Assets/_Game/Scripts/Runtime/Unity/Sandbox/CombatSandboxScenarioCompiler.cs:874	keep and preserve consumer evidence	-
live	SM.Unity.Sandbox.CombatSandboxTeamDefinition.TeamPermanentAugmentIds	Assets/_Game/Scripts/Runtime/Unity/Sandbox/CombatSandboxAuthoringModels.cs:117	Assets/_Game/Scripts/Runtime/Unity/Sandbox/CombatSandboxScenarioCompiler.cs:909	named runtime consumer at Assets/_Game/Scripts/Runtime/Unity/Sandbox/CombatSandboxScenarioCompiler.cs:909	keep and preserve consumer evidence	-
live	SM.Unity.Sandbox.CombatSandboxTeamDefinition.TeamPosture	Assets/_Game/Scripts/Runtime/Unity/Sandbox/CombatSandboxAuthoringModels.cs:112	Assets/_Game/Scripts/Runtime/Unity/Sandbox/CombatSandboxScenarioCompiler.cs:801	named runtime consumer at Assets/_Game/Scripts/Runtime/Unity/Sandbox/CombatSandboxScenarioCompiler.cs:801	keep and preserve consumer evidence	-
live	SM.Unity.Sandbox.CombatSandboxTeamDefinition.TeamTacticId	Assets/_Game/Scripts/Runtime/Unity/Sandbox/CombatSandboxAuthoringModels.cs:113	Assets/_Game/Scripts/Runtime/Unity/Sandbox/CombatSandboxScenarioCompiler.cs:802	named runtime consumer at Assets/_Game/Scripts/Runtime/Unity/Sandbox/CombatSandboxScenarioCompiler.cs:802	keep and preserve consumer evidence	-
live	SM.Unity.Sandbox.CombatSandboxTeamDefinition.TeamTemporaryAugmentIds	Assets/_Game/Scripts/Runtime/Unity/Sandbox/CombatSandboxAuthoringModels.cs:116	Assets/_Game/Scripts/Runtime/Unity/Sandbox/CombatSandboxScenarioCompiler.cs:858	named runtime consumer at Assets/_Game/Scripts/Runtime/Unity/Sandbox/CombatSandboxScenarioCompiler.cs:858	keep and preserve consumer evidence	-
live	SM.Unity.Sandbox.CombatSandboxTeamMemberDefinition.Anchor	Assets/_Game/Scripts/Runtime/Unity/Sandbox/CombatSandboxAuthoringModels.cs:74	Assets/_Game/Scripts/Runtime/Unity/Sandbox/CombatSandboxScenarioCompiler.cs:273	named runtime consumer at Assets/_Game/Scripts/Runtime/Unity/Sandbox/CombatSandboxScenarioCompiler.cs:273	keep and preserve consumer evidence	-
live	SM.Unity.Sandbox.CombatSandboxTeamMemberDefinition.ArchetypeId	Assets/_Game/Scripts/Runtime/Unity/Sandbox/CombatSandboxAuthoringModels.cs:72	Assets/_Game/Scripts/Runtime/Unity/Sandbox/CombatSandboxScenarioCompiler.cs:401	named runtime consumer at Assets/_Game/Scripts/Runtime/Unity/Sandbox/CombatSandboxScenarioCompiler.cs:401	keep and preserve consumer evidence	-
live	SM.Unity.Sandbox.CombatSandboxTeamMemberDefinition.BuildOverride	Assets/_Game/Scripts/Runtime/Unity/Sandbox/CombatSandboxAuthoringModels.cs:79	Assets/_Game/Scripts/Runtime/Unity/Sandbox/CombatSandboxScenarioCompiler.cs:705	named runtime consumer at Assets/_Game/Scripts/Runtime/Unity/Sandbox/CombatSandboxScenarioCompiler.cs:705	keep and preserve consumer evidence	-
live	SM.Unity.Sandbox.CombatSandboxTeamMemberDefinition.CharacterId	Assets/_Game/Scripts/Runtime/Unity/Sandbox/CombatSandboxAuthoringModels.cs:73	Assets/_Game/Scripts/Runtime/Unity/Sandbox/CombatSandboxScenarioCompiler.cs:401	named runtime consumer at Assets/_Game/Scripts/Runtime/Unity/Sandbox/CombatSandboxScenarioCompiler.cs:401	keep and preserve consumer evidence	-
live	SM.Unity.Sandbox.CombatSandboxTeamMemberDefinition.HeroId	Assets/_Game/Scripts/Runtime/Unity/Sandbox/CombatSandboxAuthoringModels.cs:70	Assets/_Game/Scripts/Runtime/Unity/Sandbox/CombatSandboxScenarioCompiler.cs:238	named runtime consumer at Assets/_Game/Scripts/Runtime/Unity/Sandbox/CombatSandboxScenarioCompiler.cs:238	keep and preserve consumer evidence	-
live	SM.Unity.Sandbox.CombatSandboxTeamMemberDefinition.MemberId	Assets/_Game/Scripts/Runtime/Unity/Sandbox/CombatSandboxAuthoringModels.cs:68	Assets/_Game/Scripts/Runtime/Unity/Sandbox/CombatSandboxScenarioCompiler.cs:519	named runtime consumer at Assets/_Game/Scripts/Runtime/Unity/Sandbox/CombatSandboxScenarioCompiler.cs:519	keep and preserve consumer evidence	-
live	SM.Unity.Sandbox.CombatSandboxTeamMemberDefinition.RoleInstructionId	Assets/_Game/Scripts/Runtime/Unity/Sandbox/CombatSandboxAuthoringModels.cs:75	Assets/_Game/Scripts/Runtime/Unity/Sandbox/CombatSandboxScenarioCompiler.cs:1022	named runtime consumer at Assets/_Game/Scripts/Runtime/Unity/Sandbox/CombatSandboxScenarioCompiler.cs:1022	keep and preserve consumer evidence	-
live	SM.Unity.Sandbox.CombatSandboxTeamMemberDefinition.SourceKind	Assets/_Game/Scripts/Runtime/Unity/Sandbox/CombatSandboxAuthoringModels.cs:69	Assets/_Game/Scripts/Runtime/Unity/Sandbox/CombatSandboxScenarioCompiler.cs:401	named runtime consumer at Assets/_Game/Scripts/Runtime/Unity/Sandbox/CombatSandboxScenarioCompiler.cs:401	keep and preserve consumer evidence	-
live	SM.Unity.Sandbox.CombatSandboxTeamMemberDefinition.TargetDirectiveId	Assets/_Game/Scripts/Runtime/Unity/Sandbox/CombatSandboxAuthoringModels.cs:78	Assets/_Game/Scripts/Runtime/Unity/Sandbox/CombatSandboxScenarioCompiler.cs:836	named runtime consumer at Assets/_Game/Scripts/Runtime/Unity/Sandbox/CombatSandboxScenarioCompiler.cs:836	keep and preserve consumer evidence	-
live	SM.Content.Definitions.DropTableDefinition.GradePowerKappa	Assets/_Game/Scripts/Runtime/Content/Definitions/DropTableDefinition.cs:29	Assets/_Game/Scripts/Runtime/Unity/ContentConversion/RewardConverter.cs:34	carried into DropTableTemplate and enforced by DropGradeEconomy mean-preservation guard	keep and preserve consumer evidence	-
live	SM.Content.Definitions.DropTableDefinition.GradeStepBudgetScore	Assets/_Game/Scripts/Runtime/Content/Definitions/DropTableDefinition.cs:30	Assets/_Game/Scripts/Runtime/Unity/ContentConversion/RewardConverter.cs:35	carried into DropTableTemplate and consumed by deterministic generated-affix budget weighting	keep and preserve consumer evidence	-
live	SM.Content.Definitions.DropTableDefinition.GradeJackpotWeight	Assets/_Game/Scripts/Runtime/Content/Definitions/DropTableDefinition.cs:31	Assets/_Game/Scripts/Runtime/Meta/Services/DropGradeEconomy.cs:58	weights the ordinary and high-grade Gaussian components during first-clear grade rolls	keep and preserve consumer evidence	-
live	SM.Content.Definitions.DropTableDefinition.GradeJackpotLatentMean	Assets/_Game/Scripts/Runtime/Content/Definitions/DropTableDefinition.cs:32	Assets/_Game/Scripts/Runtime/Meta/Services/DropGradeEconomy.cs:59	sets the high-grade Gaussian component mean during first-clear grade rolls	keep and preserve consumer evidence	-
live	SM.Content.Definitions.DropTableDefinition.GradeJackpotStandardDeviation	Assets/_Game/Scripts/Runtime/Content/Definitions/DropTableDefinition.cs:33	Assets/_Game/Scripts/Runtime/Meta/Services/DropGradeEconomy.cs:60	sets the high-grade Gaussian component spread during first-clear grade rolls	keep and preserve consumer evidence	-
live	SM.Content.Definitions.DropTableDefinition.GradeProfiles	Assets/_Game/Scripts/Runtime/Content/Definitions/DropTableDefinition.cs:34	Assets/_Game/Scripts/Runtime/Unity/ContentConversion/RewardConverter.cs:36	carried into DropTableTemplate and selected by chapter during item-loot resolution	keep and preserve consumer evidence	-
live	SM.Content.Definitions.DropGradeProfileDefinition.ChapterId	Assets/_Game/Scripts/Runtime/Content/Definitions/DropGradeProfileDefinition.cs:8	Assets/_Game/Scripts/Runtime/Meta/Services/DropGradeEconomy.cs:32	selects the chapter-specific latent-quality profile	keep and preserve consumer evidence	-
live	SM.Content.Definitions.DropGradeProfileDefinition.MeanPreservingLatentMean	Assets/_Game/Scripts/Runtime/Content/Definitions/DropGradeProfileDefinition.cs:11	Assets/_Game/Scripts/Runtime/Meta/Services/DropGradeEconomy.cs:41	runtime latent mean after measured-kappa recentering	keep and preserve consumer evidence	-
live	SM.Content.Definitions.DropGradeProfileDefinition.StandardDeviation	Assets/_Game/Scripts/Runtime/Content/Definitions/DropGradeProfileDefinition.cs:12	Assets/_Game/Scripts/Runtime/Meta/Services/DropGradeEconomy.cs:42	runtime latent-quality spread	keep and preserve consumer evidence	-
live	SM.Content.Definitions.RefitBalanceDefinition.Id	Assets/_Game/Scripts/Runtime/Content/Definitions/RefitBalanceDefinition.cs:9	Assets/_Game/Scripts/Runtime/Unity/ContentConversion/ContentDefinitionRegistry.cs:324	registers the single serialized Refit balance definition by stable id	keep and preserve consumer evidence	-
live	SM.Content.Definitions.RefitBalanceDefinition.RulesVersion	Assets/_Game/Scripts/Runtime/Content/Definitions/RefitBalanceDefinition.cs:12	Assets/_Game/Scripts/Runtime/Unity/ContentConversion/RefitBalanceConverter.cs:28	seeds deterministic Refit rules-version domain separation	keep and preserve consumer evidence	-
live	SM.Content.Definitions.RefitBalanceDefinition.AffixCatalogVersion	Assets/_Game/Scripts/Runtime/Content/Definitions/RefitBalanceDefinition.cs:14	Assets/_Game/Scripts/Runtime/Unity/ContentConversion/RefitBalanceConverter.cs:29	keys compiled affix-quality profiles to the authored catalog version	keep and preserve consumer evidence	-
live	SM.Content.Definitions.RefitBalanceDefinition.MaximumFloorNumerator	Assets/_Game/Scripts/Runtime/Content/Definitions/RefitBalanceDefinition.cs:18	Assets/_Game/Scripts/Runtime/Unity/ContentConversion/RefitBalanceConverter.cs:35	generates the serialized Q0.64 asymptotic quality-floor schedule	keep and preserve consumer evidence	-
live	SM.Content.Definitions.RefitBalanceDefinition.MaximumFloorDenominator	Assets/_Game/Scripts/Runtime/Content/Definitions/RefitBalanceDefinition.cs:21	Assets/_Game/Scripts/Runtime/Unity/ContentConversion/RefitBalanceConverter.cs:36	generates the serialized Q0.64 asymptotic quality-floor schedule	keep and preserve consumer evidence	-
live	SM.Content.Definitions.RefitBalanceDefinition.FloorDecayNumerator	Assets/_Game/Scripts/Runtime/Content/Definitions/RefitBalanceDefinition.cs:24	Assets/_Game/Scripts/Runtime/Unity/ContentConversion/RefitBalanceConverter.cs:37	generates the serialized Q0.64 per-level floor convergence	keep and preserve consumer evidence	-
live	SM.Content.Definitions.RefitBalanceDefinition.FloorDecayDenominator	Assets/_Game/Scripts/Runtime/Content/Definitions/RefitBalanceDefinition.cs:27	Assets/_Game/Scripts/Runtime/Unity/ContentConversion/RefitBalanceConverter.cs:38	generates the serialized Q0.64 per-level floor convergence	keep and preserve consumer evidence	-
live	SM.Content.Definitions.RefitBalanceDefinition.CostBaseFirstFarmEchoMultiplier	Assets/_Game/Scripts/Runtime/Content/Definitions/RefitBalanceDefinition.cs:31	Assets/_Game/Scripts/Runtime/Unity/ContentConversion/RefitBalanceConverter.cs:39	sets the Refit cost base multiplier against chapter first-farm Echo	keep and preserve consumer evidence	-
live	SM.Content.Definitions.RefitBalanceDefinition.CostGrowthPerLevel	Assets/_Game/Scripts/Runtime/Content/Definitions/RefitBalanceDefinition.cs:34	Assets/_Game/Scripts/Runtime/Unity/ContentConversion/RefitBalanceConverter.cs:40	sets exponential Refit cost growth per purchased level	keep and preserve consumer evidence	-
live	SM.Content.Definitions.RefitBalanceDefinition.GradeCostRatio	Assets/_Game/Scripts/Runtime/Content/Definitions/RefitBalanceDefinition.cs:37	Assets/_Game/Scripts/Runtime/Unity/ContentConversion/RefitBalanceConverter.cs:41	scales Refit cost by item grade relative to chapter mean grade	keep and preserve consumer evidence	-
